/****************************************************************************
** Resource object code
**
** Created by: The Resource Compiler for Qt version 6.10.2
**
** WARNING! All changes made in this file will be lost!
*****************************************************************************/

#ifdef _MSC_VER
// disable informational message "function ... selected for automatic inline expansion"
#pragma warning (disable: 4711)
#endif

static const unsigned char qt_resource_data[] = {
  // mysql_installer_fr.qm
  0x0,0x0,0x0,0x21,
  0x3c,
  0xb8,0x64,0x18,0xca,0xef,0x9c,0x95,0xcd,0x21,0x1c,0xbf,0x60,0xa1,0xbd,0xdd,0xa7,
  0x0,0x0,0x0,0x5,0x66,0x72,0x5f,0x46,0x52,0x88,0x0,0x0,0x0,0x2,0x3,0x1,
  
    // mysql_installer_es.qm
  0x0,0x0,0x32,0x13,
  0x3c,
  0xb8,0x64,0x18,0xca,0xef,0x9c,0x95,0xcd,0x21,0x1c,0xbf,0x60,0xa1,0xbd,0xdd,0xa7,
  0x0,0x0,0x0,0x5,0x65,0x73,0x5f,0x45,0x53,0x42,0x0,0x0,0x2,0x0,0x0,0x8f,
  0xad,0x22,0x0,0x0,0x2c,0xf,0x0,0xaf,0x8b,0x16,0x0,0x0,0x16,0x87,0x0,0xec,
  0x35,0xa,0x0,0x0,0x29,0x21,0x0,0xff,0x81,0x7e,0x0,0x0,0x28,0x5d,0x1,0xf,
  0x41,0xee,0x0,0x0,0x2,0x28,0x2,0x6,0x86,0xce,0x0,0x0,0x4,0xb,0x2,0x29,
  0xd4,0x53,0x0,0x0,0x21,0x7e,0x2,0x39,0xd4,0x53,0x0,0x0,0x22,0x6,0x2,0x90,
  0x97,0x65,0x0,0x0,0x15,0x4,0x2,0xfa,0x4e,0x72,0x0,0x0,0x29,0xd0,0x2,0xfa,
  0x4e,0x72,0x0,0x0,0x2d,0x36,0x2,0xff,0x4b,0x6e,0x0,0x0,0x1a,0xe7,0x3,0x3,
  0xd2,0x92,0x0,0x0,0x0,0x0,0x3,0x10,0xc2,0x7b,0x0,0x0,0x2b,0x84,0x3,0x5e,
  0x0,0x6a,0x0,0x0,0x28,0xe4,0x3,0xf6,0xd2,0x2e,0x0,0x0,0x11,0xac,0x4,0x5c,
  0x50,0x15,0x0,0x0,0x2a,0x23,0x4,0x7c,0x85,0x99,0x0,0x0,0xb,0xe7,0x4,0xa4,
  0x1c,0x66,0x0,0x0,0xd,0xf2,0x4,0xd3,0x20,0xee,0x0,0x0,0x2a,0x8a,0x5,0x4,
  0x68,0x23,0x0,0x0,0x25,0xdc,0x5,0x44,0xce,0x9e,0x0,0x0,0xa,0xaf,0x5,0x7b,
  0x45,0xfe,0x0,0x0,0x2e,0x75,0x5,0x9e,0x7f,0x85,0x0,0x0,0x27,0xc9,0x5,0xba,
  0x35,0x7e,0x0,0x0,0xe,0x9c,0x5,0xed,0x39,0x79,0x0,0x0,0x29,0x6b,0x6,0x18,
  0x6d,0x1e,0x0,0x0,0x7,0x36,0x7,0x2b,0xba,0x9e,0x0,0x0,0xa,0x2,0x7,0xa8,
  0x69,0xde,0x0,0x0,0x26,0x64,0x7,0xae,0xe3,0xce,0x0,0x0,0xb,0x3d,0x7,0xb4,
  0x8a,0xb6,0x0,0x0,0xc,0xfa,0x8,0xe,0x89,0x6e,0x0,0x0,0x27,0x10,0x8,0x30,
  0xb0,0x4c,0x0,0x0,0x24,0x31,0x8,0x55,0xc2,0x82,0x0,0x0,0x1,0xef,0x8,0x55,
  0xc2,0x82,0x0,0x0,0x22,0x8e,0x8,0x61,0x10,0xce,0x0,0x0,0x8,0xd9,0x8,0x78,
  0x65,0xb5,0x0,0x0,0x18,0x58,0x8,0xf9,0xfc,0xa9,0x0,0x0,0x0,0xea,0x9,0xa,
  0xe,0xcf,0x0,0x0,0x13,0x6f,0x9,0x63,0xfe,0x9e,0x0,0x0,0x22,0xcb,0x9,0x66,
  0x9b,0x5,0x0,0x0,0x24,0x89,0xa,0x26,0x1d,0x6e,0x0,0x0,0x6,0x53,0xa,0x29,
  0x39,0xb6,0x0,0x0,0xd,0x68,0xa,0x4b,0x7a,0x7e,0x0,0x0,0x2c,0xc9,0xa,0x76,
  0xe,0x46,0x0,0x0,0x17,0xa8,0xa,0x7e,0x40,0x2e,0x0,0x0,0x19,0x66,0xa,0x9b,
  0xe4,0x99,0x0,0x0,0x2c,0x50,0xa,0xce,0x27,0xae,0x0,0x0,0x10,0x2d,0xb,0x35,
  0xb,0x7e,0x0,0x0,0x9,0x38,0xb,0xa5,0xf0,0x99,0x0,0x0,0x15,0x75,0xc,0x33,
  0x49,0x5c,0x0,0x0,0x13,0x15,0xc,0x50,0x94,0x23,0x0,0x0,0x8,0x49,0xc,0xac,
  0x62,0x32,0x0,0x0,0x16,0x47,0xc,0xe2,0xc6,0xe3,0x0,0x0,0x18,0xd7,0xd,0xde,
  0xd6,0x44,0x0,0x0,0x1,0x48,0xe,0x2,0xf0,0xee,0x0,0x0,0x1c,0x37,0xe,0x32,
  0x79,0x2c,0x0,0x0,0x24,0xd7,0xe,0x72,0x3,0x76,0x0,0x0,0x17,0x16,0xe,0xbd,
  0xf0,0xee,0x0,0x0,0x14,0x5e,0xe,0xe3,0x6d,0xaa,0x0,0x0,0x23,0xe9,0xf,0xa,
  0xef,0xde,0x0,0x0,0x2d,0x86,0xf,0x1e,0x4f,0xb9,0x0,0x0,0x25,0x37,0xf,0x44,
  0x5,0x35,0x0,0x0,0x2f,0x90,0xf,0xeb,0x54,0x36,0x0,0x0,0x15,0xe9,0x69,0x0,
  0x0,0x2f,0xe8,0x3,0x0,0x0,0x0,0x48,0x0,0x25,0x0,0x6e,0x0,0x20,0x0,0x70,
  0x0,0x72,0x0,0x69,0x0,0x76,0x0,0x69,0x0,0x6c,0x0,0x65,0x0,0x67,0x0,0x69,
  0x0,0x6f,0x0,0x20,0x0,0x66,0x0,0x61,0x0,0x6c,0x0,0x74,0x0,0x61,0x0,0x6e,
  0x0,0x74,0x0,0x65,0x0,0x20,0x0,0x70,0x0,0x61,0x0,0x72,0x0,0x61,0x0,0x20,
  0x0,0x22,0x0,0x25,0x0,0x31,0x0,0x22,0x0,0x3a,0x0,0x20,0x0,0x25,0x0,0x32,
  0x3,0x0,0x0,0x0,0x4c,0x0,0x25,0x0,0x6e,0x0,0x20,0x0,0x70,0x0,0x72,0x0,
  0x69,0x0,0x76,0x0,0x69,0x0,0x6c,0x0,0x65,0x0,0x67,0x0,0x69,0x0,0x6f,0x0,
  0x73,0x0,0x20,0x0,0x66,0x0,0x61,0x0,0x6c,0x0,0x74,0x0,0x61,0x0,0x6e,0x0,
  0x74,0x0,0x65,0x0,0x73,0x0,0x20,0x0,0x70,0x0,0x61,0x0,0x72,0x0,0x61,0x0,
  0x20,0x0,0x22,0x0,0x25,0x0,0x31,0x0,0x22,0x0,0x3a,0x0,0x20,0x0,0x25,0x0,
  0x32,0x8,0x0,0x0,0x0,0x0,0x6,0x0,0x0,0x0,0x2f,0x25,0x6e,0x20,0x70,0x72,
  0x69,0x76,0x69,0x6c,0xc3,0xa8,0x67,0x65,0x28,0x73,0x29,0x20,0x6d,0x61,0x6e,0x71,
  0x75,0x61,0x6e,0x74,0x28,0x73,0x29,0x20,0x70,0x6f,0x75,0x72,0x20,0xc2,0xab,0x20,
  0x25,0x31,0x20,0xc2,0xbb,0x20,0x3a,0x20,0x25,0x32,0x7,0x0,0x0,0x0,0xd,0x41,
  0x70,0x70,0x43,0x6f,0x6e,0x74,0x72,0x6f,0x6c,0x6c,0x65,0x72,0x1,0x3,0x0,0x0,
  0x0,0x2a,0x0,0x28,0x0,0x76,0x0,0x65,0x0,0x72,0x0,0x73,0x0,0x69,0x0,0xf3,
  0x0,0x6e,0x0,0x20,0x0,0x64,0x0,0x65,0x0,0x73,0x0,0x63,0x0,0x6f,0x0,0x6e,
  0x0,0x6f,0x0,0x63,0x0,0x69,0x0,0x64,0x0,0x61,0x0,0x29,0x8,0x0,0x0,0x0,
  0x0,0x6,0x0,0x0,0x0,0x12,0x28,0x76,0x65,0x72,0x73,0x69,0x6f,0x6e,0x20,0x69,
  0x6e,0x63,0x6f,0x6e,0x6e,0x75,0x65,0x29,0x7,0x0,0x0,0x0,0xd,0x41,0x70,0x70,
  0x43,0x6f,0x6e,0x74,0x72,0x6f,0x6c,0x6c,0x65,0x72,0x1,0x3,0x0,0x0,0x0,0x5a,
  0x0,0x53,0x0,0x65,0x0,0x20,0x0,0x72,0x0,0x65,0x0,0x71,0x0,0x75,0x0,0x69,
  0x0,0x65,0x0,0x72,0x0,0x65,0x0,0x20,0x0,0x41,0x0,0x63,0x0,0x63,0x0,0x65,
  0x0,0x73,0x0,0x6f,0x0,0x20,0x0,0x74,0x0,0x6f,0x0,0x74,0x0,0x61,0x0,0x6c,
  0x0,0x20,0x0,0x61,0x0,0x6c,0x0,0x20,0x0,0x64,0x0,0x69,0x0,0x73,0x0,0x63,
  0x0,0x6f,0x0,0x20,0x0,0x70,0x0,0x61,0x0,0x72,0x0,0x61,0x0,0x20,0x0,0x6d,
  0x0,0x79,0x0,0x73,0x0,0x71,0x0,0x6c,0x0,0x64,0x8,0x0,0x0,0x0,0x0,0x6,
  0x0,0x0,0x0,0x2b,0x41,0x63,0x63,0xc3,0xa8,0x73,0x20,0x63,0x6f,0x6d,0x70,0x6c,
  0x65,0x74,0x20,0x61,0x75,0x20,0x64,0x69,0x73,0x71,0x75,0x65,0x20,0x72,0x65,0x71,
  0x75,0x69,0x73,0x20,0x70,0x6f,0x75,0x72,0x20,0x6d,0x79,0x73,0x71,0x6c,0x64,0x7,
  0x0,0x0,0x0,0xd,0x41,0x70,0x70,0x43,0x6f,0x6e,0x74,0x72,0x6f,0x6c,0x6c,0x65,
  0x72,0x1,0x3,0x0,0x0,0x0,0x10,0x0,0x43,0x0,0x61,0x0,0x6e,0x0,0x63,0x0,
  0x65,0x0,0x6c,0x0,0x61,0x0,0x72,0x8,0x0,0x0,0x0,0x0,0x6,0x0,0x0,0x0,
  0x7,0x41,0x6e,0x6e,0x75,0x6c,0x65,0x72,0x7,0x0,0x0,0x0,0xd,0x41,0x70,0x70,
  0x43,0x6f,0x6e,0x74,0x72,0x6f,0x6c,0x6c,0x65,0x72,0x1,0x3,0x0,0x0,0x1,0x20,
  0x0,0x45,0x0,0x73,0x0,0x74,0x0,0x65,0x0,0x20,0x0,0x70,0x0,0x72,0x0,0x6f,
  0x0,0x67,0x0,0x72,0x0,0x61,0x0,0x6d,0x0,0x61,0x0,0x20,0x0,0x64,0x0,0x65,
  0x0,0x62,0x0,0x65,0x0,0x20,0x0,0x65,0x0,0x6a,0x0,0x65,0x0,0x63,0x0,0x75,
  0x0,0x74,0x0,0x61,0x0,0x72,0x0,0x73,0x0,0x65,0x0,0x20,0x0,0x63,0x0,0x6f,
  0x0,0x6d,0x0,0x6f,0x0,0x20,0x0,0x61,0x0,0x64,0x0,0x6d,0x0,0x69,0x0,0x6e,
  0x0,0x69,0x0,0x73,0x0,0x74,0x0,0x72,0x0,0x61,0x0,0x64,0x0,0x6f,0x0,0x72,
  0x0,0x2e,0x0,0xa,0x0,0xa,0x0,0x48,0x0,0x61,0x0,0x67,0x0,0x61,0x0,0x20,
  0x0,0x63,0x0,0x6c,0x0,0x69,0x0,0x63,0x0,0x20,0x0,0x64,0x0,0x65,0x0,0x72,
  0x0,0x65,0x0,0x63,0x0,0x68,0x0,0x6f,0x0,0x20,0x0,0x65,0x0,0x6e,0x0,0x20,
  0x0,0x6c,0x0,0x61,0x0,0x20,0x0,0x61,0x0,0x70,0x0,0x6c,0x0,0x69,0x0,0x63,
  0x0,0x61,0x0,0x63,0x0,0x69,0x0,0xf3,0x0,0x6e,0x0,0x2c,0x0,0x20,0x0,0x65,
  0x0,0x6c,0x0,0x69,0x0,0x6a,0x0,0x61,0x0,0x20,0x0,0xab,0x0,0x45,0x0,0x6a,
  0x0,0x65,0x0,0x63,0x0,0x75,0x0,0x74,0x0,0x61,0x0,0x72,0x0,0x20,0x0,0x63,
  0x0,0x6f,0x0,0x6d,0x0,0x6f,0x0,0x20,0x0,0x61,0x0,0x64,0x0,0x6d,0x0,0x69,
  0x0,0x6e,0x0,0x69,0x0,0x73,0x0,0x74,0x0,0x72,0x0,0x61,0x0,0x64,0x0,0x6f,
  0x0,0x72,0x0,0xbb,0x0,0x20,0x0,0x79,0x0,0x20,0x0,0x76,0x0,0x75,0x0,0x65,
  0x0,0x6c,0x0,0x76,0x0,0x61,0x0,0x20,0x0,0x61,0x0,0x20,0x0,0x69,0x0,0x6e,
  0x0,0x69,0x0,0x63,0x0,0x69,0x0,0x61,0x0,0x72,0x0,0x6c,0x0,0x61,0x0,0x2e,
  0x8,0x0,0x0,0x0,0x0,0x6,0x0,0x0,0x0,0xa1,0x43,0x65,0x20,0x70,0x72,0x6f,
  0x67,0x72,0x61,0x6d,0x6d,0x65,0x20,0x64,0x6f,0x69,0x74,0x20,0xc3,0xaa,0x74,0x72,
  0x65,0x20,0x65,0x78,0xc3,0xa9,0x63,0x75,0x74,0xc3,0xa9,0x20,0x65,0x6e,0x20,0x74,
  0x61,0x6e,0x74,0x20,0x71,0x75,0x27,0x61,0x64,0x6d,0x69,0x6e,0x69,0x73,0x74,0x72,
  0x61,0x74,0x65,0x75,0x72,0x2e,0xa,0xa,0x46,0x61,0x69,0x74,0x65,0x73,0x20,0x75,
  0x6e,0x20,0x63,0x6c,0x69,0x63,0x20,0x64,0x72,0x6f,0x69,0x74,0x20,0x73,0x75,0x72,
  0x20,0x6c,0x27,0x61,0x70,0x70,0x6c,0x69,0x63,0x61,0x74,0x69,0x6f,0x6e,0x20,0x70,
  0x75,0x69,0x73,0x20,0xc2,0xab,0x20,0x45,0x78,0xc3,0xa9,0x63,0x75,0x74,0x65,0x72,
  0x20,0x65,0x6e,0x20,0x74,0x61,0x6e,0x74,0x20,0x71,0x75,0x27,0x61,0x64,0x6d,0x69,
  0x6e,0x69,0x73,0x74,0x72,0x61,0x74,0x65,0x75,0x72,0x20,0xc2,0xbb,0x2c,0x20,0x65,
  0x74,0x20,0x72,0x65,0x6c,0x61,0x6e,0x63,0x65,0x7a,0x2e,0x7,0x0,0x0,0x0,0xd,
  0x41,0x70,0x70,0x43,0x6f,0x6e,0x74,0x72,0x6f,0x6c,0x6c,0x65,0x72,0x1,0x3,0x0,
  0x0,0x1,0x6c,0x0,0x45,0x0,0x73,0x0,0x74,0x0,0x65,0x0,0x20,0x0,0x70,0x0,
  0x72,0x0,0x6f,0x0,0x67,0x0,0x72,0x0,0x61,0x0,0x6d,0x0,0x61,0x0,0x20,0x0,
  0x64,0x0,0x65,0x0,0x62,0x0,0x65,0x0,0x20,0x0,0x73,0x0,0x65,0x0,0x72,0x0,
  0x20,0x0,0x69,0x0,0x6e,0x0,0x69,0x0,0x63,0x0,0x69,0x0,0x61,0x0,0x64,0x0,
  0x6f,0x0,0x20,0x0,0x70,0x0,0x6f,0x0,0x72,0x0,0x20,0x0,0x75,0x0,0x6e,0x0,
  0x20,0x0,0x75,0x0,0x73,0x0,0x75,0x0,0x61,0x0,0x72,0x0,0x69,0x0,0x6f,0x0,
  0x20,0x0,0x61,0x0,0x64,0x0,0x6d,0x0,0x69,0x0,0x6e,0x0,0x69,0x0,0x73,0x0,
  0x74,0x0,0x72,0x0,0x61,0x0,0x64,0x0,0x6f,0x0,0x72,0x0,0x20,0x0,0x64,0x0,
  0x65,0x0,0x20,0x0,0x6d,0x0,0x61,0x0,0x63,0x0,0x4f,0x0,0x53,0x0,0x2e,0x0,
  0xa,0x0,0xa,0x0,0x49,0x0,0x6e,0x0,0x69,0x0,0x63,0x0,0x69,0x0,0x65,0x0,
  0x20,0x0,0x73,0x0,0x65,0x0,0x73,0x0,0x69,0x0,0xf3,0x0,0x6e,0x0,0x20,0x0,
  0x63,0x0,0x6f,0x0,0x6e,0x0,0x20,0x0,0x75,0x0,0x6e,0x0,0x61,0x0,0x20,0x0,
  0x63,0x0,0x75,0x0,0x65,0x0,0x6e,0x0,0x74,0x0,0x61,0x0,0x20,0x0,0x64,0x0,
  0x65,0x0,0x20,0x0,0x61,0x0,0x64,0x0,0x6d,0x0,0x69,0x0,0x6e,0x0,0x69,0x0,
  0x73,0x0,0x74,0x0,0x72,0x0,0x61,0x0,0x64,0x0,0x6f,0x0,0x72,0x0,0x20,0x0,
  0x28,0x0,0x6f,0x0,0x20,0x0,0x70,0x0,0x69,0x0,0x64,0x0,0x61,0x0,0x20,0x0,
  0x61,0x0,0x20,0x0,0x75,0x0,0x6e,0x0,0x20,0x0,0x61,0x0,0x64,0x0,0x6d,0x0,
  0x69,0x0,0x6e,0x0,0x69,0x0,0x73,0x0,0x74,0x0,0x72,0x0,0x61,0x0,0x64,0x0,
  0x6f,0x0,0x72,0x0,0x20,0x0,0x71,0x0,0x75,0x0,0x65,0x0,0x20,0x0,0x6c,0x0,
  0x6f,0x0,0x20,0x0,0x65,0x0,0x6a,0x0,0x65,0x0,0x63,0x0,0x75,0x0,0x74,0x0,
  0x65,0x0,0x29,0x0,0x20,0x0,0x79,0x0,0x20,0x0,0x76,0x0,0x75,0x0,0x65,0x0,
  0x6c,0x0,0x76,0x0,0x61,0x0,0x20,0x0,0x61,0x0,0x20,0x0,0x69,0x0,0x6e,0x0,
  0x69,0x0,0x63,0x0,0x69,0x0,0x61,0x0,0x72,0x0,0x6c,0x0,0x6f,0x0,0x2e,0x8,
  0x0,0x0,0x0,0x0,0x6,0x0,0x0,0x0,0xba,0x43,0x65,0x20,0x70,0x72,0x6f,0x67,
  0x72,0x61,0x6d,0x6d,0x65,0x20,0x64,0x6f,0x69,0x74,0x20,0xc3,0xaa,0x74,0x72,0x65,
  0x20,0x6c,0x61,0x6e,0x63,0xc3,0xa9,0x20,0x70,0x61,0x72,0x20,0x75,0x6e,0x20,0x75,
  0x74,0x69,0x6c,0x69,0x73,0x61,0x74,0x65,0x75,0x72,0x20,0x61,0x64,0x6d,0x69,0x6e,
  0x69,0x73,0x74,0x72,0x61,0x74,0x65,0x75,0x72,0x20,0x64,0x65,0x20,0x6d,0x61,0x63,
  0x4f,0x53,0x2e,0xa,0xa,0x43,0x6f,0x6e,0x6e,0x65,0x63,0x74,0x65,0x7a,0x2d,0x76,
  0x6f,0x75,0x73,0x20,0x61,0x76,0x65,0x63,0x20,0x75,0x6e,0x20,0x63,0x6f,0x6d,0x70,
  0x74,0x65,0x20,0x61,0x64,0x6d,0x69,0x6e,0x69,0x73,0x74,0x72,0x61,0x74,0x65,0x75,
  0x72,0x20,0x28,0x6f,0x75,0x20,0x64,0x65,0x6d,0x61,0x6e,0x64,0x65,0x7a,0x20,0xc3,
  0xa0,0x20,0x75,0x6e,0x20,0x61,0x64,0x6d,0x69,0x6e,0x69,0x73,0x74,0x72,0x61,0x74,
  0x65,0x75,0x72,0x20,0x64,0x65,0x20,0x6c,0x27,0x65,0x78,0xc3,0xa9,0x63,0x75,0x74,
  0x65,0x72,0x29,0x2c,0x20,0x70,0x75,0x69,0x73,0x20,0x72,0x65,0x6c,0x61,0x6e,0x63,
  0x65,0x7a,0x2e,0x7,0x0,0x0,0x0,0xd,0x41,0x70,0x70,0x43,0x6f,0x6e,0x74,0x72,
  0x6f,0x6c,0x6c,0x65,0x72,0x1,0x3,0x0,0x0,0x0,0x7c,0x0,0x45,0x0,0x73,0x0,
  0x74,0x0,0x65,0x0,0x20,0x0,0x70,0x0,0x72,0x0,0x6f,0x0,0x67,0x0,0x72,0x0,
  0x61,0x0,0x6d,0x0,0x61,0x0,0x20,0x0,0x72,0x0,0x65,0x0,0x71,0x0,0x75,0x0,
  0x69,0x0,0x65,0x0,0x72,0x0,0x65,0x0,0x20,0x0,0x75,0x0,0x6e,0x0,0x61,0x0,
  0x20,0x0,0x76,0x0,0x65,0x0,0x72,0x0,0x73,0x0,0x69,0x0,0xf3,0x0,0x6e,0x0,
  0x20,0x0,0x64,0x0,0x65,0x0,0x20,0x0,0x55,0x0,0x62,0x0,0x75,0x0,0x6e,0x0,
  0x74,0x0,0x75,0x0,0x20,0x0,0x73,0x0,0x75,0x0,0x70,0x0,0x65,0x0,0x72,0x0,
  0x69,0x0,0x6f,0x0,0x72,0x0,0x20,0x0,0x61,0x0,0x20,0x0,0x32,0x0,0x32,0x0,
  0x2e,0x0,0x30,0x0,0x34,0x0,0x2e,0x8,0x0,0x0,0x0,0x0,0x6,0x0,0x0,0x0,
  0x45,0x43,0x65,0x20,0x70,0x72,0x6f,0x67,0x72,0x61,0x6d,0x6d,0x65,0x20,0x6e,0xc3,
  0xa9,0x63,0x65,0x73,0x73,0x69,0x74,0x65,0x20,0x55,0x62,0x75,0x6e,0x74,0x75,0x20,
  0x64,0x61,0x6e,0x73,0x20,0x75,0x6e,0x65,0x20,0x76,0x65,0x72,0x73,0x69,0x6f,0x6e,
  0x20,0x73,0x75,0x70,0xc3,0xa9,0x72,0x69,0x65,0x75,0x72,0x65,0x20,0xc3,0xa0,0x20,
  0x32,0x32,0x2e,0x30,0x34,0x2e,0x7,0x0,0x0,0x0,0xd,0x41,0x70,0x70,0x43,0x6f,
  0x6e,0x74,0x72,0x6f,0x6c,0x6c,0x65,0x72,0x1,0x3,0x0,0x0,0x0,0x9e,0x0,0x4e,
  0x0,0x6f,0x0,0x20,0x0,0x73,0x0,0x65,0x0,0x20,0x0,0x70,0x0,0x75,0x0,0x65,
  0x0,0x64,0x0,0x65,0x0,0x20,0x0,0x63,0x0,0x6f,0x0,0x6e,0x0,0x65,0x0,0x63,
  0x0,0x74,0x0,0x61,0x0,0x72,0x0,0x20,0x0,0x63,0x0,0x6f,0x0,0x6e,0x0,0x20,
  0x0,0x65,0x0,0x6c,0x0,0x20,0x0,0x75,0x0,0x73,0x0,0x75,0x0,0x61,0x0,0x72,
  0x0,0x69,0x0,0x6f,0x0,0x20,0x0,0x22,0x0,0x25,0x0,0x31,0x0,0x22,0x0,0x2e,
  0x0,0xa,0x0,0x56,0x0,0x65,0x0,0x72,0x0,0x69,0x0,0x66,0x0,0x69,0x0,0x71,
  0x0,0x75,0x0,0x65,0x0,0x20,0x0,0x65,0x0,0x6c,0x0,0x20,0x0,0x75,0x0,0x73,
  0x0,0x75,0x0,0x61,0x0,0x72,0x0,0x69,0x0,0x6f,0x0,0x20,0x0,0x79,0x0,0x20,
  0x0,0x6c,0x0,0x61,0x0,0x20,0x0,0x63,0x0,0x6f,0x0,0x6e,0x0,0x74,0x0,0x72,
  0x0,0x61,0x0,0x73,0x0,0x65,0x0,0xf1,0x0,0x61,0x0,0x2e,0x8,0x0,0x0,0x0,
  0x0,0x6,0x0,0x0,0x0,0x53,0x43,0x6f,0x6e,0x6e,0x65,0x78,0x69,0x6f,0x6e,0x20,
  0x69,0x6d,0x70,0x6f,0x73,0x73,0x69,0x62,0x6c,0x65,0x20,0x61,0x76,0x65,0x63,0x20,
  0x6c,0x65,0x20,0x6c,0x6f,0x67,0x69,0x6e,0x20,0xc2,0xab,0x20,0x25,0x31,0x20,0xc2,
  0xbb,0x2e,0xa,0x56,0xc3,0xa9,0x72,0x69,0x66,0x69,0x65,0x7a,0x20,0x6c,0x65,0x20,
  0x6c,0x6f,0x67,0x69,0x6e,0x20,0x65,0x74,0x20,0x6c,0x65,0x20,0x6d,0x6f,0x74,0x20,
  0x64,0x65,0x20,0x70,0x61,0x73,0x73,0x65,0x2e,0x7,0x0,0x0,0x0,0xd,0x41,0x70,
  0x70,0x43,0x6f,0x6e,0x74,0x72,0x6f,0x6c,0x6c,0x65,0x72,0x1,0x3,0x0,0x0,0x0,
  0x52,0x0,0x53,0x0,0x65,0x0,0x20,0x0,0x72,0x0,0x65,0x0,0x71,0x0,0x75,0x0,
  0x69,0x0,0x65,0x0,0x72,0x0,0x65,0x0,0x6e,0x0,0x20,0x0,0x70,0x0,0x72,0x0,
  0x69,0x0,0x76,0x0,0x69,0x0,0x6c,0x0,0x65,0x0,0x67,0x0,0x69,0x0,0x6f,0x0,
  0x73,0x0,0x20,0x0,0x64,0x0,0x65,0x0,0x20,0x0,0x61,0x0,0x64,0x0,0x6d,0x0,
  0x69,0x0,0x6e,0x0,0x69,0x0,0x73,0x0,0x74,0x0,0x72,0x0,0x61,0x0,0x64,0x0,
  0x6f,0x0,0x72,0x8,0x0,0x0,0x0,0x0,0x6,0x0,0x0,0x0,0x1c,0x44,0x72,0x6f,
  0x69,0x74,0x73,0x20,0x61,0x64,0x6d,0x69,0x6e,0x69,0x73,0x74,0x72,0x61,0x74,0x65,
  0x75,0x72,0x20,0x72,0x65,0x71,0x75,0x69,0x73,0x7,0x0,0x0,0x0,0xd,0x41,0x70,
  0x70,0x43,0x6f,0x6e,0x74,0x72,0x6f,0x6c,0x6c,0x65,0x72,0x1,0x3,0x0,0x0,0x0,
  0x28,0x0,0x45,0x0,0x72,0x0,0x72,0x0,0x6f,0x0,0x72,0x0,0x20,0x0,0x64,0x0,
  0x65,0x0,0x20,0x0,0x69,0x0,0x6e,0x0,0x73,0x0,0x74,0x0,0x61,0x0,0x6c,0x0,
  0x61,0x0,0x63,0x0,0x69,0x0,0xf3,0x0,0x6e,0x8,0x0,0x0,0x0,0x0,0x6,0x0,
  0x0,0x0,0x15,0x45,0x72,0x72,0x65,0x75,0x72,0x20,0x64,0x27,0x69,0x6e,0x73,0x74,
  0x61,0x6c,0x6c,0x61,0x74,0x69,0x6f,0x6e,0x7,0x0,0x0,0x0,0xd,0x41,0x70,0x70,
  0x43,0x6f,0x6e,0x74,0x72,0x6f,0x6c,0x6c,0x65,0x72,0x1,0x3,0x0,0x0,0x0,0x6c,
  0x0,0x4e,0x0,0x6f,0x0,0x20,0x0,0x73,0x0,0x65,0x0,0x20,0x0,0x70,0x0,0x75,
  0x0,0x64,0x0,0x6f,0x0,0x20,0x0,0x61,0x0,0xf1,0x0,0x61,0x0,0x64,0x0,0x69,
  0x0,0x72,0x0,0x20,0x0,0x6c,0x0,0x61,0x0,0x20,0x0,0x72,0x0,0x75,0x0,0x74,
  0x0,0x61,0x0,0x20,0x0,0x64,0x0,0x65,0x0,0x20,0x0,0x6d,0x0,0x79,0x0,0x73,
  0x0,0x71,0x0,0x6c,0x0,0x20,0x0,0x61,0x0,0x20,0x0,0x6c,0x0,0x61,0x0,0x20,
  0x0,0x76,0x0,0x61,0x0,0x72,0x0,0x69,0x0,0x61,0x0,0x62,0x0,0x6c,0x0,0x65,
  0x0,0x20,0x0,0x50,0x0,0x41,0x0,0x54,0x0,0x48,0x0,0x2e,0x8,0x0,0x0,0x0,
  0x0,0x6,0x0,0x0,0x0,0x3c,0x49,0x6d,0x70,0x6f,0x73,0x73,0x69,0x62,0x6c,0x65,
  0x20,0x64,0x27,0x61,0x6a,0x6f,0x75,0x74,0x65,0x72,0x20,0x6c,0x65,0x20,0x63,0x68,
  0x65,0x6d,0x69,0x6e,0x20,0x64,0x65,0x20,0x6d,0x79,0x73,0x71,0x6c,0x20,0xc3,0xa0,
  0x20,0x6c,0x61,0x20,0x76,0x61,0x72,0x69,0x61,0x62,0x6c,0x65,0x20,0x50,0x41,0x54,
  0x48,0x2e,0x7,0x0,0x0,0x0,0xd,0x41,0x70,0x70,0x43,0x6f,0x6e,0x74,0x72,0x6f,
  0x6c,0x6c,0x65,0x72,0x1,0x3,0x0,0x0,0x0,0x5a,0x0,0x4e,0x0,0x6f,0x0,0x20,
  0x0,0x73,0x0,0x65,0x0,0x20,0x0,0x70,0x0,0x75,0x0,0x64,0x0,0x6f,0x0,0x20,
  0x0,0x63,0x0,0x6f,0x0,0x6e,0x0,0x66,0x0,0x69,0x0,0x67,0x0,0x75,0x0,0x72,
  0x0,0x61,0x0,0x72,0x0,0x20,0x0,0x73,0x0,0x65,0x0,0x63,0x0,0x75,0x0,0x72,
  0x0,0x65,0x0,0x5f,0x0,0x66,0x0,0x69,0x0,0x6c,0x0,0x65,0x0,0x5f,0x0,0x70,
  0x0,0x72,0x0,0x69,0x0,0x76,0x0,0x20,0x0,0x65,0x0,0x6e,0x0,0x20,0x0,0x25,
  0x0,0x31,0x0,0x2e,0x8,0x0,0x0,0x0,0x0,0x6,0x0,0x0,0x0,0x31,0x49,0x6d,
  0x70,0x6f,0x73,0x73,0x69,0x62,0x6c,0x65,0x20,0x64,0x65,0x20,0x63,0x6f,0x6e,0x66,
  0x69,0x67,0x75,0x72,0x65,0x72,0x20,0x73,0x65,0x63,0x75,0x72,0x65,0x5f,0x66,0x69,
  0x6c,0x65,0x5f,0x70,0x72,0x69,0x76,0x20,0x73,0x75,0x72,0x20,0x25,0x31,0x2e,0x7,
  0x0,0x0,0x0,0xd,0x41,0x70,0x70,0x43,0x6f,0x6e,0x74,0x72,0x6f,0x6c,0x6c,0x65,
  0x72,0x1,0x3,0x0,0x0,0x0,0x44,0x0,0x4e,0x0,0x6f,0x0,0x20,0x0,0x73,0x0,
  0x65,0x0,0x20,0x0,0x70,0x0,0x75,0x0,0x65,0x0,0x64,0x0,0x65,0x0,0x20,0x0,
  0x63,0x0,0x72,0x0,0x65,0x0,0x61,0x0,0x72,0x0,0x20,0x0,0x65,0x0,0x6c,0x0,
  0x20,0x0,0x75,0x0,0x73,0x0,0x75,0x0,0x61,0x0,0x72,0x0,0x69,0x0,0x6f,0x0,
  0x20,0x0,0x27,0x0,0x25,0x0,0x31,0x0,0x27,0x0,0x2e,0x8,0x0,0x0,0x0,0x0,
  0x6,0x0,0x0,0x0,0x28,0x49,0x6d,0x70,0x6f,0x73,0x73,0x69,0x62,0x6c,0x65,0x20,
  0x64,0x65,0x20,0x63,0x72,0xc3,0xa9,0x65,0x72,0x20,0x6c,0x27,0x75,0x74,0x69,0x6c,
  0x69,0x73,0x61,0x74,0x65,0x75,0x72,0x20,0x27,0x25,0x31,0x27,0x2e,0x7,0x0,0x0,
  0x0,0xd,0x41,0x70,0x70,0x43,0x6f,0x6e,0x74,0x72,0x6f,0x6c,0x6c,0x65,0x72,0x1,
  0x3,0x0,0x0,0x0,0x56,0x0,0x4e,0x0,0x6f,0x0,0x20,0x0,0x73,0x0,0x65,0x0,
  0x20,0x0,0x70,0x0,0x75,0x0,0x64,0x0,0x6f,0x0,0x20,0x0,0x63,0x0,0x72,0x0,
  0x65,0x0,0x61,0x0,0x72,0x0,0x20,0x0,0x6f,0x0,0x20,0x0,0x63,0x0,0x6f,0x0,
  0x6d,0x0,0x70,0x0,0x61,0x0,0x72,0x0,0x74,0x0,0x69,0x0,0x72,0x0,0x20,0x0,
  0x6c,0x0,0x61,0x0,0x20,0x0,0x63,0x0,0x61,0x0,0x72,0x0,0x70,0x0,0x65,0x0,
  0x74,0x0,0x61,0x0,0x20,0x0,0x25,0x0,0x31,0x0,0x2e,0x8,0x0,0x0,0x0,0x0,
  0x6,0x0,0x0,0x0,0x32,0x49,0x6d,0x70,0x6f,0x73,0x73,0x69,0x62,0x6c,0x65,0x20,
  0x64,0x65,0x20,0x63,0x72,0xc3,0xa9,0x65,0x72,0x20,0x6f,0x75,0x20,0x64,0x65,0x20,
  0x70,0x61,0x72,0x74,0x61,0x67,0x65,0x72,0x20,0x6c,0x65,0x20,0x64,0x6f,0x73,0x73,
  0x69,0x65,0x72,0x20,0x25,0x31,0x2e,0x7,0x0,0x0,0x0,0xd,0x41,0x70,0x70,0x43,
  0x6f,0x6e,0x74,0x72,0x6f,0x6c,0x6c,0x65,0x72,0x1,0x3,0x0,0x0,0x0,0x92,0x0,
  0x49,0x0,0x6e,0x0,0x73,0x0,0x74,0x0,0x61,0x0,0x6c,0x0,0x61,0x0,0x6e,0x0,
  0x64,0x0,0x6f,0x0,0x20,0x0,0x4d,0x0,0x79,0x0,0x53,0x0,0x51,0x0,0x4c,0x0,
  0x20,0x0,0x38,0x0,0x2e,0x0,0x34,0x0,0x2e,0x0,0x33,0x20,0x26,0x0,0xa,0x0,
  0x28,0x0,0x41,0x0,0x75,0x0,0x74,0x0,0x6f,0x0,0x72,0x0,0x69,0x0,0x63,0x0,
  0x65,0x0,0x20,0x0,0x6c,0x0,0x61,0x0,0x20,0x0,0x6f,0x0,0x70,0x0,0x65,0x0,
  0x72,0x0,0x61,0x0,0x63,0x0,0x69,0x0,0xf3,0x0,0x6e,0x0,0x20,0x0,0x65,0x0,
  0x6e,0x0,0x20,0x0,0x6c,0x0,0x61,0x0,0x20,0x0,0x76,0x0,0x65,0x0,0x6e,0x0,
  0x74,0x0,0x61,0x0,0x6e,0x0,0x61,0x0,0x20,0x0,0x71,0x0,0x75,0x0,0x65,0x0,
  0x20,0x0,0x61,0x0,0x70,0x0,0x61,0x0,0x72,0x0,0x65,0x0,0x63,0x0,0x65,0x0,
  0x29,0x8,0x0,0x0,0x0,0x0,0x6,0x0,0x0,0x0,0x5f,0x49,0x6e,0x73,0x74,0x61,
  0x6c,0x6c,0x61,0x74,0x69,0x6f,0x6e,0x20,0x64,0x65,0x20,0x4d,0x79,0x53,0x51,0x4c,
  0x20,0x38,0x2e,0x34,0x2e,0x33,0x20,0x65,0x6e,0x20,0x63,0x6f,0x75,0x72,0x73,0xe2,
  0x80,0xa6,0xa,0x28,0x41,0x75,0x74,0x6f,0x72,0x69,0x73,0x65,0x7a,0x20,0x6c,0x27,
  0x6f,0x70,0xc3,0xa9,0x72,0x61,0x74,0x69,0x6f,0x6e,0x20,0x64,0x61,0x6e,0x73,0x20,
  0x6c,0x61,0x20,0x66,0x65,0x6e,0xc3,0xaa,0x74,0x72,0x65,0x20,0x71,0x75,0x69,0x20,
  0x73,0x27,0x61,0x66,0x66,0x69,0x63,0x68,0x65,0x29,0x7,0x0,0x0,0x0,0xd,0x41,
  0x70,0x70,0x43,0x6f,0x6e,0x74,0x72,0x6f,0x6c,0x6c,0x65,0x72,0x1,0x3,0x0,0x0,
  0x0,0x2e,0x0,0x49,0x0,0x6e,0x0,0x73,0x0,0x74,0x0,0x61,0x0,0x6c,0x0,0x61,
  0x0,0x6e,0x0,0x64,0x0,0x6f,0x0,0x20,0x0,0x4d,0x0,0x79,0x0,0x53,0x0,0x51,
  0x0,0x4c,0x0,0x20,0x0,0x38,0x0,0x2e,0x0,0x34,0x0,0x2e,0x0,0x33,0x20,0x26,
  0x8,0x0,0x0,0x0,0x0,0x6,0x0,0x0,0x0,0x1e,0x49,0x6e,0x73,0x74,0x61,0x6c,
  0x6c,0x61,0x74,0x69,0x6f,0x6e,0x20,0x64,0x65,0x20,0x4d,0x79,0x53,0x51,0x4c,0x20,
  0x38,0x2e,0x34,0x2e,0x33,0xe2,0x80,0xa6,0x7,0x0,0x0,0x0,0xd,0x41,0x70,0x70,
  0x43,0x6f,0x6e,0x74,0x72,0x6f,0x6c,0x6c,0x65,0x72,0x1,0x3,0x0,0x0,0x0,0x44,
  0x0,0x49,0x0,0x6e,0x0,0x73,0x0,0x74,0x0,0x61,0x0,0x6c,0x0,0x61,0x0,0x6e,
  0x0,0x64,0x0,0x6f,0x0,0x20,0x0,0x4d,0x0,0x79,0x0,0x53,0x0,0x51,0x0,0x4c,
  0x0,0x20,0x0,0x6d,0x0,0x65,0x0,0x64,0x0,0x69,0x0,0x61,0x0,0x6e,0x0,0x74,
  0x0,0x65,0x0,0x20,0x0,0x61,0x0,0x70,0x0,0x74,0x0,0x2d,0x0,0x67,0x0,0x65,
  0x0,0x74,0x20,0x26,0x8,0x0,0x0,0x0,0x0,0x6,0x0,0x0,0x0,0x24,0x49,0x6e,
  0x73,0x74,0x61,0x6c,0x6c,0x61,0x74,0x69,0x6f,0x6e,0x20,0x64,0x65,0x20,0x4d,0x79,
  0x53,0x51,0x4c,0x20,0x76,0x69,0x61,0x20,0x61,0x70,0x74,0x2d,0x67,0x65,0x74,0xe2,
  0x80,0xa6,0x7,0x0,0x0,0x0,0xd,0x41,0x70,0x70,0x43,0x6f,0x6e,0x74,0x72,0x6f,
  0x6c,0x6c,0x65,0x72,0x1,0x3,0x0,0x0,0x0,0x56,0x0,0x49,0x0,0x6e,0x0,0x73,
  0x0,0x74,0x0,0x61,0x0,0x6c,0x0,0x61,0x0,0x6e,0x0,0x64,0x0,0x6f,0x0,0x20,
  0x0,0x56,0x0,0x69,0x0,0x73,0x0,0x75,0x0,0x61,0x0,0x6c,0x0,0x20,0x0,0x43,
  0x0,0x2b,0x0,0x2b,0x0,0x20,0x0,0x52,0x0,0x65,0x0,0x64,0x0,0x69,0x0,0x73,
  0x0,0x74,0x0,0x72,0x0,0x69,0x0,0x62,0x0,0x75,0x0,0x74,0x0,0x61,0x0,0x62,
  0x0,0x6c,0x0,0x65,0x0,0x20,0x0,0x32,0x0,0x30,0x0,0x32,0x0,0x32,0x20,0x26,
  0x8,0x0,0x0,0x0,0x0,0x6,0x0,0x0,0x0,0x32,0x49,0x6e,0x73,0x74,0x61,0x6c,
  0x6c,0x61,0x74,0x69,0x6f,0x6e,0x20,0x64,0x65,0x20,0x56,0x69,0x73,0x75,0x61,0x6c,
  0x20,0x43,0x2b,0x2b,0x20,0x52,0x65,0x64,0x69,0x73,0x74,0x72,0x69,0x62,0x75,0x74,
  0x61,0x62,0x6c,0x65,0x20,0x32,0x30,0x32,0x32,0xe2,0x80,0xa6,0x7,0x0,0x0,0x0,
  0xd,0x41,0x70,0x70,0x43,0x6f,0x6e,0x74,0x72,0x6f,0x6c,0x6c,0x65,0x72,0x1,0x3,
  0x0,0x0,0x0,0xf8,0x0,0x4c,0x0,0x61,0x0,0x20,0x0,0x69,0x0,0x6e,0x0,0x73,
  0x0,0x74,0x0,0x61,0x0,0x6c,0x0,0x61,0x0,0x63,0x0,0x69,0x0,0xf3,0x0,0x6e,
  0x0,0x20,0x0,0x64,0x0,0x65,0x0,0x20,0x0,0x4d,0x0,0x69,0x0,0x63,0x0,0x72,
  0x0,0x6f,0x0,0x73,0x0,0x6f,0x0,0x66,0x0,0x74,0x0,0x20,0x0,0x56,0x0,0x69,
  0x0,0x73,0x0,0x75,0x0,0x61,0x0,0x6c,0x0,0x20,0x0,0x43,0x0,0x2b,0x0,0x2b,
  0x0,0x20,0x0,0x52,0x0,0x65,0x0,0x64,0x0,0x69,0x0,0x73,0x0,0x74,0x0,0x72,
  0x0,0x69,0x0,0x62,0x0,0x75,0x0,0x74,0x0,0x61,0x0,0x62,0x0,0x6c,0x0,0x65,
  0x0,0x20,0x0,0x32,0x0,0x30,0x0,0x32,0x0,0x32,0x0,0x20,0x0,0x68,0x0,0x61,
  0x0,0x20,0x0,0x66,0x0,0x61,0x0,0x6c,0x0,0x6c,0x0,0x61,0x0,0x64,0x0,0x6f,
  0x0,0x2e,0x0,0xa,0x0,0x43,0x0,0x6f,0x0,0x6d,0x0,0x70,0x0,0x72,0x0,0x75,
  0x0,0x65,0x0,0x62,0x0,0x65,0x0,0x20,0x0,0x73,0x0,0x75,0x0,0x20,0x0,0x63,
  0x0,0x6f,0x0,0x6e,0x0,0x65,0x0,0x78,0x0,0x69,0x0,0xf3,0x0,0x6e,0x0,0x20,
  0x0,0x61,0x0,0x20,0x0,0x49,0x0,0x6e,0x0,0x74,0x0,0x65,0x0,0x72,0x0,0x6e,
  0x0,0x65,0x0,0x74,0x0,0x20,0x0,0x79,0x0,0x20,0x0,0x76,0x0,0x75,0x0,0x65,
  0x0,0x6c,0x0,0x76,0x0,0x61,0x0,0x20,0x0,0x61,0x0,0x20,0x0,0x69,0x0,0x6e,
  0x0,0x69,0x0,0x63,0x0,0x69,0x0,0x61,0x0,0x72,0x0,0x2e,0x8,0x0,0x0,0x0,
  0x0,0x6,0x0,0x0,0x0,0x77,0x4c,0x27,0x69,0x6e,0x73,0x74,0x61,0x6c,0x6c,0x61,
  0x74,0x69,0x6f,0x6e,0x20,0x64,0x65,0x20,0x4d,0x69,0x63,0x72,0x6f,0x73,0x6f,0x66,
  0x74,0x20,0x56,0x69,0x73,0x75,0x61,0x6c,0x20,0x43,0x2b,0x2b,0x20,0x52,0x65,0x64,
  0x69,0x73,0x74,0x72,0x69,0x62,0x75,0x74,0x61,0x62,0x6c,0x65,0x20,0x32,0x30,0x32,
  0x32,0x20,0x61,0x20,0xc3,0xa9,0x63,0x68,0x6f,0x75,0xc3,0xa9,0x2e,0xa,0x56,0xc3,
  0xa9,0x72,0x69,0x66,0x69,0x65,0x7a,0x20,0x76,0x6f,0x74,0x72,0x65,0x20,0x63,0x6f,
  0x6e,0x6e,0x65,0x78,0x69,0x6f,0x6e,0x20,0x49,0x6e,0x74,0x65,0x72,0x6e,0x65,0x74,
  0x20,0x65,0x74,0x20,0x72,0x65,0x6c,0x61,0x6e,0x63,0x65,0x7a,0x2e,0x7,0x0,0x0,
  0x0,0xd,0x41,0x70,0x70,0x43,0x6f,0x6e,0x74,0x72,0x6f,0x6c,0x6c,0x65,0x72,0x1,
  0x3,0x0,0x0,0x0,0xe4,0x0,0x4c,0x0,0x61,0x0,0x20,0x0,0x69,0x0,0x6e,0x0,
  0x73,0x0,0x74,0x0,0x61,0x0,0x6c,0x0,0x61,0x0,0x63,0x0,0x69,0x0,0xf3,0x0,
  0x6e,0x0,0x20,0x0,0x6f,0x0,0x20,0x0,0x61,0x0,0x63,0x0,0x74,0x0,0x75,0x0,
  0x61,0x0,0x6c,0x0,0x69,0x0,0x7a,0x0,0x61,0x0,0x63,0x0,0x69,0x0,0xf3,0x0,
  0x6e,0x0,0x20,0x0,0x64,0x0,0x65,0x0,0x20,0x0,0x4d,0x0,0x79,0x0,0x53,0x0,
  0x51,0x0,0x4c,0x0,0x20,0x0,0x38,0x0,0x2e,0x0,0x34,0x0,0x2e,0x0,0x33,0x0,
  0x20,0x0,0x68,0x0,0x61,0x0,0x20,0x0,0x66,0x0,0x61,0x0,0x6c,0x0,0x6c,0x0,
  0x61,0x0,0x64,0x0,0x6f,0x0,0x2e,0x0,0xa,0x0,0x56,0x0,0x65,0x0,0x72,0x0,
  0x69,0x0,0x66,0x0,0x69,0x0,0x71,0x0,0x75,0x0,0x65,0x0,0x20,0x0,0x73,0x0,
  0x75,0x0,0x20,0x0,0x63,0x0,0x6f,0x0,0x6e,0x0,0x65,0x0,0x78,0x0,0x69,0x0,
  0xf3,0x0,0x6e,0x0,0x20,0x0,0x61,0x0,0x20,0x0,0x49,0x0,0x6e,0x0,0x74,0x0,
  0x65,0x0,0x72,0x0,0x6e,0x0,0x65,0x0,0x74,0x0,0x20,0x0,0x79,0x0,0x20,0x0,
  0x72,0x0,0x65,0x0,0x69,0x0,0x6e,0x0,0x69,0x0,0x63,0x0,0x69,0x0,0x65,0x0,
  0x20,0x0,0x65,0x0,0x6c,0x0,0x20,0x0,0x70,0x0,0x72,0x0,0x6f,0x0,0x67,0x0,
  0x72,0x0,0x61,0x0,0x6d,0x0,0x61,0x0,0x2e,0x8,0x0,0x0,0x0,0x0,0x6,0x0,
  0x0,0x0,0x79,0x4c,0x27,0x69,0x6e,0x73,0x74,0x61,0x6c,0x6c,0x61,0x74,0x69,0x6f,
  0x6e,0x20,0x6f,0x75,0x20,0x6c,0x61,0x20,0x6d,0x69,0x73,0x65,0x20,0xc3,0xa0,0x20,
  0x6a,0x6f,0x75,0x72,0x20,0x64,0x65,0x20,0x4d,0x79,0x53,0x51,0x4c,0x20,0x38,0x2e,
  0x34,0x2e,0x33,0x20,0x61,0x20,0xc3,0xa9,0x63,0x68,0x6f,0x75,0xc3,0xa9,0x2e,0xa,
  0x56,0xc3,0xa9,0x72,0x69,0x66,0x69,0x65,0x7a,0x20,0x76,0x6f,0x74,0x72,0x65,0x20,
  0x63,0x6f,0x6e,0x6e,0x65,0x78,0x69,0x6f,0x6e,0x20,0x49,0x6e,0x74,0x65,0x72,0x6e,
  0x65,0x74,0x20,0x65,0x74,0x20,0x72,0x65,0x6c,0x61,0x6e,0x63,0x65,0x7a,0x20,0x6c,
  0x65,0x20,0x70,0x72,0x6f,0x67,0x72,0x61,0x6d,0x6d,0x65,0x2e,0x7,0x0,0x0,0x0,
  0xd,0x41,0x70,0x70,0x43,0x6f,0x6e,0x74,0x72,0x6f,0x6c,0x6c,0x65,0x72,0x1,0x3,
  0x0,0x0,0x0,0xc8,0x0,0x4c,0x0,0x61,0x0,0x20,0x0,0x63,0x0,0x6f,0x0,0x6e,
  0x0,0x66,0x0,0x69,0x0,0x67,0x0,0x75,0x0,0x72,0x0,0x61,0x0,0x63,0x0,0x69,
  0x0,0xf3,0x0,0x6e,0x0,0x20,0x0,0x64,0x0,0x65,0x0,0x20,0x0,0x4d,0x0,0x79,
  0x0,0x53,0x0,0x51,0x0,0x4c,0x0,0x20,0x0,0x70,0x0,0x61,0x0,0x72,0x0,0x61,
  0x0,0x20,0x0,0x52,0x0,0x75,0x0,0x66,0x0,0x75,0x0,0x73,0x0,0x20,0x0,0x65,
  0x0,0x73,0x0,0x20,0x0,0x63,0x0,0x6f,0x0,0x72,0x0,0x72,0x0,0x65,0x0,0x63,
  0x0,0x74,0x0,0x61,0x0,0x2e,0x0,0xa,0x0,0xa,0x0,0x41,0x0,0x68,0x0,0x6f,
  0x0,0x72,0x0,0x61,0x0,0x20,0x0,0x70,0x0,0x75,0x0,0x65,0x0,0x64,0x0,0x65,
  0x0,0x20,0x0,0x70,0x0,0x72,0x0,0x6f,0x0,0x63,0x0,0x65,0x0,0x64,0x0,0x65,
  0x0,0x72,0x0,0x20,0x0,0x63,0x0,0x6f,0x0,0x6e,0x0,0x20,0x0,0x6c,0x0,0x61,
  0x0,0x20,0x0,0x69,0x0,0x6e,0x0,0x73,0x0,0x74,0x0,0x61,0x0,0x6c,0x0,0x61,
  0x0,0x63,0x0,0x69,0x0,0xf3,0x0,0x6e,0x0,0x20,0x0,0x64,0x0,0x65,0x0,0x20,
  0x0,0x52,0x0,0x75,0x0,0x66,0x0,0x75,0x0,0x73,0x0,0x2e,0x8,0x0,0x0,0x0,
  0x0,0x6,0x0,0x0,0x0,0x7f,0x4c,0x65,0x20,0x70,0x61,0x72,0x61,0x6d,0xc3,0xa9,
  0x74,0x72,0x61,0x67,0x65,0x20,0x64,0x65,0x20,0x4d,0x79,0x53,0x51,0x4c,0x20,0x70,
  0x6f,0x75,0x72,0x20,0x6c,0x27,0x75,0x74,0x69,0x6c,0x69,0x73,0x61,0x74,0x69,0x6f,
  0x6e,0x20,0x64,0x65,0x20,0x52,0x75,0x66,0x75,0x73,0x20,0x65,0x73,0x74,0x20,0x63,
  0x6f,0x72,0x72,0x65,0x63,0x74,0x2e,0xa,0xa,0x56,0x6f,0x75,0x73,0x20,0x70,0x6f,
  0x75,0x76,0x65,0x7a,0x20,0x6d,0x61,0x69,0x6e,0x74,0x65,0x6e,0x61,0x6e,0x74,0x20,
  0x70,0x72,0x6f,0x63,0xc3,0xa9,0x64,0x65,0x72,0x20,0xc3,0xa0,0x20,0x6c,0x27,0x69,
  0x6e,0x73,0x74,0x61,0x6c,0x6c,0x61,0x74,0x69,0x6f,0x6e,0x20,0x64,0x65,0x20,0x52,
  0x75,0x66,0x75,0x73,0x2e,0x7,0x0,0x0,0x0,0xd,0x41,0x70,0x70,0x43,0x6f,0x6e,
  0x74,0x72,0x6f,0x6c,0x6c,0x65,0x72,0x1,0x3,0x0,0x0,0x0,0x26,0x0,0x41,0x0,
  0x63,0x0,0x74,0x0,0x75,0x0,0x61,0x0,0x6c,0x0,0x69,0x0,0x7a,0x0,0x61,0x0,
  0x63,0x0,0x69,0x0,0xf3,0x0,0x6e,0x0,0x20,0x0,0x4d,0x0,0x79,0x0,0x53,0x0,
  0x51,0x0,0x4c,0x8,0x0,0x0,0x0,0x0,0x6,0x0,0x0,0x0,0x12,0x4d,0x69,0x73,
  0x65,0x20,0xc3,0xa0,0x20,0x6a,0x6f,0x75,0x72,0x20,0x4d,0x79,0x53,0x51,0x4c,0x7,
  0x0,0x0,0x0,0xd,0x41,0x70,0x70,0x43,0x6f,0x6e,0x74,0x72,0x6f,0x6c,0x6c,0x65,
  0x72,0x1,0x3,0x0,0x0,0x0,0x80,0x0,0x4d,0x0,0x79,0x0,0x53,0x0,0x51,0x0,
  0x4c,0x0,0x20,0x0,0x25,0x0,0x31,0x0,0x20,0x0,0x65,0x0,0x73,0x0,0x74,0x0,
  0xe1,0x0,0x20,0x0,0x69,0x0,0x6e,0x0,0x73,0x0,0x74,0x0,0x61,0x0,0x6c,0x0,
  0x61,0x0,0x64,0x0,0x6f,0x0,0x2e,0x0,0xa,0x0,0xbf,0x0,0x44,0x0,0x65,0x0,
  0x73,0x0,0x65,0x0,0x61,0x0,0x20,0x0,0x61,0x0,0x63,0x0,0x74,0x0,0x75,0x0,
  0x61,0x0,0x6c,0x0,0x69,0x0,0x7a,0x0,0x61,0x0,0x72,0x0,0x6c,0x0,0x6f,0x0,
  0x20,0x0,0x61,0x0,0x20,0x0,0x6c,0x0,0x61,0x0,0x20,0x0,0x76,0x0,0x65,0x0,
  0x72,0x0,0x73,0x0,0x69,0x0,0xf3,0x0,0x6e,0x0,0x20,0x0,0x38,0x0,0x2e,0x0,
  0x34,0x0,0x2e,0x0,0x33,0x0,0x3f,0x8,0x0,0x0,0x0,0x0,0x6,0x0,0x0,0x0,
  0x4d,0x4d,0x79,0x53,0x51,0x4c,0x20,0x25,0x31,0x20,0x65,0x73,0x74,0x20,0x69,0x6e,
  0x73,0x74,0x61,0x6c,0x6c,0xc3,0xa9,0x2e,0xa,0x56,0x6f,0x75,0x6c,0x65,0x7a,0x2d,
  0x76,0x6f,0x75,0x73,0x20,0x6c,0x65,0x20,0x6d,0x65,0x74,0x74,0x72,0x65,0x20,0xc3,
  0xa0,0x20,0x6a,0x6f,0x75,0x72,0x20,0x76,0x65,0x72,0x73,0x20,0x6c,0x61,0x20,0x76,
  0x65,0x72,0x73,0x69,0x6f,0x6e,0x20,0x38,0x2e,0x34,0x2e,0x33,0x20,0x3f,0x7,0x0,
  0x0,0x0,0xd,0x41,0x70,0x70,0x43,0x6f,0x6e,0x74,0x72,0x6f,0x6c,0x6c,0x65,0x72,
  0x1,0x3,0x0,0x0,0x0,0x54,0x0,0x4d,0x0,0x79,0x0,0x53,0x0,0x51,0x0,0x4c,
  0x0,0x20,0x0,0x38,0x0,0x2e,0x0,0x34,0x0,0x2e,0x0,0x33,0x0,0x20,0x0,0x6e,
  0x0,0x6f,0x0,0x20,0x0,0x73,0x0,0x65,0x0,0x20,0x0,0x64,0x0,0x65,0x0,0x74,
  0x0,0x65,0x0,0x63,0x0,0x74,0x0,0x61,0x0,0x20,0x0,0x65,0x0,0x6e,0x0,0x20,
  0x0,0x65,0x0,0x73,0x0,0x74,0x0,0x65,0x0,0x20,0x0,0x73,0x0,0x69,0x0,0x73,
  0x0,0x74,0x0,0x65,0x0,0x6d,0x0,0x61,0x0,0x2e,0x8,0x0,0x0,0x0,0x0,0x6,
  0x0,0x0,0x0,0x30,0x4d,0x79,0x53,0x51,0x4c,0x20,0x38,0x2e,0x34,0x2e,0x33,0x20,
  0x6e,0x27,0x65,0x73,0x74,0x20,0x70,0x61,0x73,0x20,0x64,0xc3,0xa9,0x74,0x65,0x63,
  0x74,0xc3,0xa9,0x20,0x73,0x75,0x72,0x20,0x63,0x65,0x20,0x73,0x79,0x73,0x74,0xc3,
  0xa8,0x6d,0x65,0x2e,0x7,0x0,0x0,0x0,0xd,0x41,0x70,0x70,0x43,0x6f,0x6e,0x74,
  0x72,0x6f,0x6c,0x6c,0x65,0x72,0x1,0x3,0x0,0x0,0x0,0x32,0x0,0x41,0x0,0x62,
  0x0,0x72,0x0,0x69,0x0,0x72,0x0,0x20,0x0,0x41,0x0,0x6a,0x0,0x75,0x0,0x73,
  0x0,0x74,0x0,0x65,0x0,0x73,0x0,0x20,0x0,0x64,0x0,0x65,0x0,0x6c,0x0,0x20,
  0x0,0x53,0x0,0x69,0x0,0x73,0x0,0x74,0x0,0x65,0x0,0x6d,0x0,0x61,0x8,0x0,
  0x0,0x0,0x0,0x6,0x0,0x0,0x0,0x1d,0x4f,0x75,0x76,0x72,0x69,0x72,0x20,0x6c,
  0x65,0x73,0x20,0x52,0xc3,0xa9,0x67,0x6c,0x61,0x67,0x65,0x73,0x20,0x53,0x79,0x73,
  0x74,0xc3,0xa8,0x6d,0x65,0x7,0x0,0x0,0x0,0xd,0x41,0x70,0x70,0x43,0x6f,0x6e,
  0x74,0x72,0x6f,0x6c,0x6c,0x65,0x72,0x1,0x3,0x0,0x0,0x0,0x38,0x0,0x43,0x0,
  0x6f,0x0,0x6e,0x0,0x66,0x0,0x69,0x0,0x67,0x0,0x75,0x0,0x72,0x0,0x61,0x0,
  0x63,0x0,0x69,0x0,0xf3,0x0,0x6e,0x0,0x20,0x0,0x4d,0x0,0x79,0x0,0x53,0x0,
  0x51,0x0,0x4c,0x0,0x20,0x0,0x76,0x0,0x61,0x0,0x6c,0x0,0x69,0x0,0x64,0x0,
  0x61,0x0,0x64,0x0,0x61,0x8,0x0,0x0,0x0,0x0,0x6,0x0,0x0,0x0,0x1a,0x50,
  0x61,0x72,0x61,0x6d,0xc3,0xa9,0x74,0x72,0x61,0x67,0x65,0x20,0x4d,0x79,0x53,0x51,
  0x4c,0x20,0x76,0x61,0x6c,0x69,0x64,0xc3,0xa9,0x7,0x0,0x0,0x0,0xd,0x41,0x70,
  0x70,0x43,0x6f,0x6e,0x74,0x72,0x6f,0x6c,0x6c,0x65,0x72,0x1,0x3,0x0,0x0,0x0,
  0x24,0x0,0x52,0x0,0x65,0x0,0x69,0x0,0x6e,0x0,0x69,0x0,0x63,0x0,0x69,0x0,
  0x61,0x0,0x6e,0x0,0x64,0x0,0x6f,0x0,0x20,0x0,0x4d,0x0,0x79,0x0,0x53,0x0,
  0x51,0x0,0x4c,0x20,0x26,0x8,0x0,0x0,0x0,0x0,0x6,0x0,0x0,0x0,0x18,0x52,
  0x65,0x64,0xc3,0xa9,0x6d,0x61,0x72,0x72,0x61,0x67,0x65,0x20,0x64,0x65,0x20,0x4d,
  0x79,0x53,0x51,0x4c,0xe2,0x80,0xa6,0x7,0x0,0x0,0x0,0xd,0x41,0x70,0x70,0x43,
  0x6f,0x6e,0x74,0x72,0x6f,0x6c,0x6c,0x65,0x72,0x1,0x3,0x0,0x0,0x0,0x14,0x0,
  0x52,0x0,0x65,0x0,0x69,0x0,0x6e,0x0,0x74,0x0,0x65,0x0,0x6e,0x0,0x74,0x0,
  0x61,0x0,0x72,0x8,0x0,0x0,0x0,0x0,0x6,0x0,0x0,0x0,0xa,0x52,0xc3,0xa9,
  0x65,0x73,0x73,0x61,0x79,0x65,0x72,0x7,0x0,0x0,0x0,0xd,0x41,0x70,0x70,0x43,
  0x6f,0x6e,0x74,0x72,0x6f,0x6c,0x6c,0x65,0x72,0x1,0x3,0x0,0x0,0x0,0x42,0x0,
  0x44,0x0,0x65,0x0,0x73,0x0,0x63,0x0,0x61,0x0,0x72,0x0,0x67,0x0,0x61,0x0,
  0x6e,0x0,0x64,0x0,0x6f,0x0,0x20,0x0,0x4d,0x0,0x79,0x0,0x53,0x0,0x51,0x0,
  0x4c,0x0,0x20,0x0,0x38,0x0,0x2e,0x0,0x34,0x0,0x2e,0x0,0x33,0x0,0x20,0x0,
  0x28,0x0,0x4f,0x0,0x72,0x0,0x61,0x0,0x63,0x0,0x6c,0x0,0x65,0x0,0x29,0x20,
  0x26,0x8,0x0,0x0,0x0,0x0,0x6,0x0,0x0,0x0,0x2b,0x54,0xc3,0xa9,0x6c,0xc3,
  0xa9,0x63,0x68,0x61,0x72,0x67,0x65,0x6d,0x65,0x6e,0x74,0x20,0x64,0x65,0x20,0x4d,
  0x79,0x53,0x51,0x4c,0x20,0x38,0x2e,0x34,0x2e,0x33,0x20,0x28,0x4f,0x72,0x61,0x63,
  0x6c,0x65,0x29,0xe2,0x80,0xa6,0x7,0x0,0x0,0x0,0xd,0x41,0x70,0x70,0x43,0x6f,
  0x6e,0x74,0x72,0x6f,0x6c,0x6c,0x65,0x72,0x1,0x3,0x0,0x0,0x0,0x44,0x0,0x44,
  0x0,0x65,0x0,0x73,0x0,0x63,0x0,0x61,0x0,0x72,0x0,0x67,0x0,0x61,0x0,0x6e,
  0x0,0x64,0x0,0x6f,0x0,0x20,0x0,0x4d,0x0,0x79,0x0,0x53,0x0,0x51,0x0,0x4c,
  0x0,0x20,0x0,0x38,0x0,0x2e,0x0,0x34,0x0,0x2e,0x0,0x33,0x0,0x20,0x0,0x28,
  0x0,0x57,0x0,0x69,0x0,0x6e,0x0,0x64,0x0,0x6f,0x0,0x77,0x0,0x73,0x0,0x29,
  0x20,0x26,0x8,0x0,0x0,0x0,0x0,0x6,0x0,0x0,0x0,0x2c,0x54,0xc3,0xa9,0x6c,
  0xc3,0xa9,0x63,0x68,0x61,0x72,0x67,0x65,0x6d,0x65,0x6e,0x74,0x20,0x64,0x65,0x20,
  0x4d,0x79,0x53,0x51,0x4c,0x20,0x38,0x2e,0x34,0x2e,0x33,0x20,0x28,0x57,0x69,0x6e,
  0x64,0x6f,0x77,0x73,0x29,0xe2,0x80,0xa6,0x7,0x0,0x0,0x0,0xd,0x41,0x70,0x70,
  0x43,0x6f,0x6e,0x74,0x72,0x6f,0x6c,0x6c,0x65,0x72,0x1,0x3,0x0,0x0,0x0,0x58,
  0x0,0x44,0x0,0x65,0x0,0x73,0x0,0x63,0x0,0x61,0x0,0x72,0x0,0x67,0x0,0x61,
  0x0,0x6e,0x0,0x64,0x0,0x6f,0x0,0x20,0x0,0x56,0x0,0x69,0x0,0x73,0x0,0x75,
  0x0,0x61,0x0,0x6c,0x0,0x20,0x0,0x43,0x0,0x2b,0x0,0x2b,0x0,0x20,0x0,0x52,
  0x0,0x65,0x0,0x64,0x0,0x69,0x0,0x73,0x0,0x74,0x0,0x72,0x0,0x69,0x0,0x62,
  0x0,0x75,0x0,0x74,0x0,0x61,0x0,0x62,0x0,0x6c,0x0,0x65,0x0,0x20,0x0,0x32,
  0x0,0x30,0x0,0x32,0x0,0x32,0x20,0x26,0x8,0x0,0x0,0x0,0x0,0x6,0x0,0x0,
  0x0,0x36,0x54,0xc3,0xa9,0x6c,0xc3,0xa9,0x63,0x68,0x61,0x72,0x67,0x65,0x6d,0x65,
  0x6e,0x74,0x20,0x64,0x65,0x20,0x56,0x69,0x73,0x75,0x61,0x6c,0x20,0x43,0x2b,0x2b,
  0x20,0x52,0x65,0x64,0x69,0x73,0x74,0x72,0x69,0x62,0x75,0x74,0x61,0x62,0x6c,0x65,
  0x20,0x32,0x30,0x32,0x32,0xe2,0x80,0xa6,0x7,0x0,0x0,0x0,0xd,0x41,0x70,0x70,
  0x43,0x6f,0x6e,0x74,0x72,0x6f,0x6c,0x6c,0x65,0x72,0x1,0x3,0x0,0x0,0x0,0x3e,
  0x0,0x56,0x0,0x65,0x0,0x72,0x0,0x73,0x0,0x69,0x0,0xf3,0x0,0x6e,0x0,0x20,
  0x0,0x64,0x0,0x65,0x0,0x20,0x0,0x55,0x0,0x62,0x0,0x75,0x0,0x6e,0x0,0x74,
  0x0,0x75,0x0,0x20,0x0,0x6e,0x0,0x6f,0x0,0x20,0x0,0x63,0x0,0x6f,0x0,0x6d,
  0x0,0x70,0x0,0x61,0x0,0x74,0x0,0x69,0x0,0x62,0x0,0x6c,0x0,0x65,0x8,0x0,
  0x0,0x0,0x0,0x6,0x0,0x0,0x0,0x1f,0x56,0x65,0x72,0x73,0x69,0x6f,0x6e,0x20,
  0x64,0x27,0x55,0x62,0x75,0x6e,0x74,0x75,0x20,0x6e,0x6f,0x6e,0x20,0x63,0x6f,0x6d,
  0x70,0x61,0x74,0x69,0x62,0x6c,0x65,0x7,0x0,0x0,0x0,0xd,0x41,0x70,0x70,0x43,
  0x6f,0x6e,0x74,0x72,0x6f,0x6c,0x6c,0x65,0x72,0x1,0x3,0x0,0x0,0x0,0x4c,0x0,
  0x53,0x0,0x65,0x0,0x20,0x0,0x72,0x0,0x65,0x0,0x71,0x0,0x75,0x0,0x69,0x0,
  0x65,0x0,0x72,0x0,0x65,0x0,0x20,0x0,0x56,0x0,0x69,0x0,0x73,0x0,0x75,0x0,
  0x61,0x0,0x6c,0x0,0x20,0x0,0x43,0x0,0x2b,0x0,0x2b,0x0,0x20,0x0,0x52,0x0,
  0x65,0x0,0x64,0x0,0x69,0x0,0x73,0x0,0x74,0x0,0x72,0x0,0x69,0x0,0x62,0x0,
  0x75,0x0,0x74,0x0,0x61,0x0,0x62,0x0,0x6c,0x0,0x65,0x8,0x0,0x0,0x0,0x0,
  0x6,0x0,0x0,0x0,0x21,0x56,0x69,0x73,0x75,0x61,0x6c,0x20,0x43,0x2b,0x2b,0x20,
  0x52,0x65,0x64,0x69,0x73,0x74,0x72,0x69,0x62,0x75,0x74,0x61,0x62,0x6c,0x65,0x20,
  0x72,0x65,0x71,0x75,0x69,0x73,0x7,0x0,0x0,0x0,0xd,0x41,0x70,0x70,0x43,0x6f,
  0x6e,0x74,0x72,0x6f,0x6c,0x6c,0x65,0x72,0x1,0x3,0x0,0x0,0x0,0xda,0x0,0x6d,
  0x0,0x79,0x0,0x73,0x0,0x71,0x0,0x6c,0x0,0x20,0x0,0x6e,0x0,0x6f,0x0,0x20,
  0x0,0x70,0x0,0x75,0x0,0x65,0x0,0x64,0x0,0x65,0x0,0x20,0x0,0x65,0x0,0x73,
  0x0,0x63,0x0,0x72,0x0,0x69,0x0,0x62,0x0,0x69,0x0,0x72,0x0,0x20,0x0,0x65,
  0x0,0x6e,0x0,0x20,0x0,0x25,0x0,0x31,0x0,0x2e,0x0,0xa,0x0,0x43,0x0,0x6f,
  0x0,0x6e,0x0,0x63,0x0,0x65,0x0,0x64,0x0,0x61,0x0,0x20,0x0,0x41,0x0,0x63,
  0x0,0x63,0x0,0x65,0x0,0x73,0x0,0x6f,0x0,0x20,0x0,0x74,0x0,0x6f,0x0,0x74,
  0x0,0x61,0x0,0x6c,0x0,0x20,0x0,0x61,0x0,0x6c,0x0,0x20,0x0,0x64,0x0,0x69,
  0x0,0x73,0x0,0x63,0x0,0x6f,0x0,0x20,0x0,0x61,0x0,0x20,0x0,0x6d,0x0,0x79,
  0x0,0x73,0x0,0x71,0x0,0x6c,0x0,0x64,0x0,0x20,0x0,0x6f,0x0,0x20,0x0,0x63,
  0x0,0x6f,0x0,0x6d,0x0,0x70,0x0,0x72,0x0,0x75,0x0,0x65,0x0,0x62,0x0,0x65,
  0x0,0x20,0x0,0x65,0x0,0x6c,0x0,0x20,0x0,0x70,0x0,0x72,0x0,0x69,0x0,0x76,
  0x0,0x69,0x0,0x6c,0x0,0x65,0x0,0x67,0x0,0x69,0x0,0x6f,0x0,0x20,0x0,0x46,
  0x0,0x49,0x0,0x4c,0x0,0x45,0x0,0x20,0x0,0x64,0x0,0x65,0x0,0x20,0x0,0xab,
  0x0,0x25,0x0,0x32,0x0,0xbb,0x0,0x2e,0x8,0x0,0x0,0x0,0x0,0x6,0x0,0x0,
  0x0,0x85,0x6d,0x79,0x73,0x71,0x6c,0x20,0x6e,0x65,0x20,0x70,0x61,0x72,0x76,0x69,
  0x65,0x6e,0x74,0x20,0x70,0x61,0x73,0x20,0xc3,0xa0,0x20,0xc3,0xa9,0x63,0x72,0x69,
  0x72,0x65,0x20,0x64,0x61,0x6e,0x73,0x20,0x25,0x31,0x2e,0xa,0x41,0x63,0x63,0x6f,
  0x72,0x64,0x65,0x7a,0x20,0x6c,0x27,0x61,0x63,0x63,0xc3,0xa8,0x73,0x20,0x63,0x6f,
  0x6d,0x70,0x6c,0x65,0x74,0x20,0x61,0x75,0x20,0x64,0x69,0x73,0x71,0x75,0x65,0x20,
  0xc3,0xa0,0x20,0x6d,0x79,0x73,0x71,0x6c,0x64,0x2c,0x20,0x6f,0x75,0x20,0x76,0xc3,
  0xa9,0x72,0x69,0x66,0x69,0x65,0x7a,0x20,0x6c,0x65,0x20,0x70,0x72,0x69,0x76,0x69,
  0x6c,0xc3,0xa8,0x67,0x65,0x20,0x46,0x49,0x4c,0x45,0x20,0x64,0x65,0x20,0xc2,0xab,
  0x20,0x25,0x32,0x20,0xc2,0xbb,0x2e,0x7,0x0,0x0,0x0,0xd,0x41,0x70,0x70,0x43,
  0x6f,0x6e,0x74,0x72,0x6f,0x6c,0x6c,0x65,0x72,0x1,0x3,0x0,0x0,0x0,0xc2,0x0,
  0x6d,0x0,0x79,0x0,0x73,0x0,0x71,0x0,0x6c,0x0,0x20,0x0,0x6e,0x0,0x6f,0x0,
  0x20,0x0,0x70,0x0,0x75,0x0,0x65,0x0,0x64,0x0,0x65,0x0,0x20,0x0,0x65,0x0,
  0x73,0x0,0x63,0x0,0x72,0x0,0x69,0x0,0x62,0x0,0x69,0x0,0x72,0x0,0x20,0x0,
  0x65,0x0,0x6e,0x0,0x20,0x0,0x25,0x0,0x31,0x0,0x2e,0x0,0xa,0x0,0x43,0x0,
  0x6f,0x0,0x6d,0x0,0x70,0x0,0x72,0x0,0x75,0x0,0x65,0x0,0x62,0x0,0x65,0x0,
  0x20,0x0,0x6c,0x0,0x6f,0x0,0x73,0x0,0x20,0x0,0x70,0x0,0x65,0x0,0x72,0x0,
  0x6d,0x0,0x69,0x0,0x73,0x0,0x6f,0x0,0x73,0x0,0x20,0x0,0x64,0x0,0x65,0x0,
  0x20,0x0,0x6c,0x0,0x61,0x0,0x20,0x0,0x63,0x0,0x61,0x0,0x72,0x0,0x70,0x0,
  0x65,0x0,0x74,0x0,0x61,0x0,0x20,0x0,0x79,0x0,0x20,0x0,0x65,0x0,0x6c,0x0,
  0x20,0x0,0x70,0x0,0x72,0x0,0x69,0x0,0x76,0x0,0x69,0x0,0x6c,0x0,0x65,0x0,
  0x67,0x0,0x69,0x0,0x6f,0x0,0x20,0x0,0x46,0x0,0x49,0x0,0x4c,0x0,0x45,0x0,
  0x20,0x0,0x64,0x0,0x65,0x0,0x20,0x0,0xab,0x0,0x25,0x0,0x32,0x0,0xbb,0x0,
  0x2e,0x8,0x0,0x0,0x0,0x0,0x6,0x0,0x0,0x0,0x6c,0x6d,0x79,0x73,0x71,0x6c,
  0x20,0x6e,0x65,0x20,0x70,0x61,0x72,0x76,0x69,0x65,0x6e,0x74,0x20,0x70,0x61,0x73,
  0x20,0xc3,0xa0,0x20,0xc3,0xa9,0x63,0x72,0x69,0x72,0x65,0x20,0x64,0x61,0x6e,0x73,
  0x20,0x25,0x31,0x2e,0xa,0x56,0xc3,0xa9,0x72,0x69,0x66,0x69,0x65,0x7a,0x20,0x6c,
  0x65,0x73,0x20,0x64,0x72,0x6f,0x69,0x74,0x73,0x20,0x64,0x75,0x20,0x64,0x6f,0x73,
  0x73,0x69,0x65,0x72,0x20,0x65,0x74,0x20,0x6c,0x65,0x20,0x70,0x72,0x69,0x76,0x69,
  0x6c,0xc3,0xa8,0x67,0x65,0x20,0x46,0x49,0x4c,0x45,0x20,0x64,0x65,0x20,0xc2,0xab,
  0x20,0x25,0x32,0x20,0xc2,0xbb,0x2e,0x7,0x0,0x0,0x0,0xd,0x41,0x70,0x70,0x43,
  0x6f,0x6e,0x74,0x72,0x6f,0x6c,0x6c,0x65,0x72,0x1,0x3,0x0,0x0,0x3,0x36,0x0,
  0x6d,0x0,0x79,0x0,0x73,0x0,0x71,0x0,0x6c,0x0,0x64,0x0,0x20,0x0,0x6e,0x0,
  0x6f,0x0,0x20,0x0,0x70,0x0,0x75,0x0,0x65,0x0,0x64,0x0,0x65,0x0,0x20,0x0,
  0x65,0x0,0x73,0x0,0x63,0x0,0x72,0x0,0x69,0x0,0x62,0x0,0x69,0x0,0x72,0x0,
  0x20,0x0,0x65,0x0,0x6e,0x0,0x20,0x0,0x2f,0x0,0x55,0x0,0x73,0x0,0x65,0x0,
  0x72,0x0,0x73,0x0,0x2f,0x0,0x53,0x0,0x68,0x0,0x61,0x0,0x72,0x0,0x65,0x0,
  0x64,0x0,0x2e,0x0,0x20,0x0,0x45,0x0,0x6e,0x0,0x20,0x0,0x6d,0x0,0x61,0x0,
  0x63,0x0,0x4f,0x0,0x53,0x0,0x2c,0x0,0x20,0x0,0x75,0x0,0x6e,0x0,0x20,0x0,
  0x64,0x0,0x65,0x0,0x6d,0x0,0x6f,0x0,0x6e,0x0,0x69,0x0,0x6f,0x0,0x20,0x0,
  0x6e,0x0,0x65,0x0,0x63,0x0,0x65,0x0,0x73,0x0,0x69,0x0,0x74,0x0,0x61,0x0,
  0x20,0x0,0xab,0x0,0x41,0x0,0x63,0x0,0x63,0x0,0x65,0x0,0x73,0x0,0x6f,0x0,
  0x20,0x0,0x74,0x0,0x6f,0x0,0x74,0x0,0x61,0x0,0x6c,0x0,0x20,0x0,0x61,0x0,
  0x6c,0x0,0x20,0x0,0x64,0x0,0x69,0x0,0x73,0x0,0x63,0x0,0x6f,0x0,0xbb,0x0,
  0x20,0x0,0x70,0x0,0x61,0x0,0x72,0x0,0x61,0x0,0x20,0x0,0x61,0x0,0x63,0x0,
  0x63,0x0,0x65,0x0,0x64,0x0,0x65,0x0,0x72,0x0,0x2e,0x0,0xa,0x0,0xa,0x0,
  0x50,0x0,0x61,0x0,0x72,0x0,0x61,0x0,0x20,0x0,0x63,0x0,0x6f,0x0,0x6e,0x0,
  0x63,0x0,0x65,0x0,0x64,0x0,0x65,0x0,0x72,0x0,0x6c,0x0,0x6f,0x0,0x3a,0x0,
  0xa,0x0,0x20,0x0,0x20,0x0,0x31,0x0,0x2e,0x0,0x20,0x0,0x48,0x0,0x61,0x0,
  0x67,0x0,0x61,0x0,0x20,0x0,0x63,0x0,0x6c,0x0,0x69,0x0,0x63,0x0,0x20,0x0,
  0x65,0x0,0x6e,0x0,0x20,0x0,0xab,0x0,0x41,0x0,0x62,0x0,0x72,0x0,0x69,0x0,
  0x72,0x0,0x20,0x0,0x41,0x0,0x6a,0x0,0x75,0x0,0x73,0x0,0x74,0x0,0x65,0x0,
  0x73,0x0,0x20,0x0,0x64,0x0,0x65,0x0,0x6c,0x0,0x20,0x0,0x53,0x0,0x69,0x0,
  0x73,0x0,0x74,0x0,0x65,0x0,0x6d,0x0,0x61,0x0,0xbb,0x0,0x2e,0x0,0xa,0x0,
  0x20,0x0,0x20,0x0,0x32,0x0,0x2e,0x0,0x20,0x0,0x45,0x0,0x6e,0x0,0x20,0x0,
  0x6c,0x0,0x61,0x0,0x20,0x0,0x6c,0x0,0x69,0x0,0x73,0x0,0x74,0x0,0x61,0x0,
  0x2c,0x0,0x20,0x0,0x68,0x0,0x61,0x0,0x67,0x0,0x61,0x0,0x20,0x0,0x63,0x0,
  0x6c,0x0,0x69,0x0,0x63,0x0,0x20,0x0,0x65,0x0,0x6e,0x0,0x20,0x0,0x65,0x0,
  0x6c,0x0,0x20,0x0,0x62,0x0,0x6f,0x0,0x74,0x0,0xf3,0x0,0x6e,0x0,0x20,0x0,
  0xab,0x0,0x2b,0x0,0xbb,0x0,0x2e,0x0,0xa,0x0,0x20,0x0,0x20,0x0,0x33,0x0,
  0x2e,0x0,0x20,0x0,0x6d,0x0,0x79,0x0,0x73,0x0,0x71,0x0,0x6c,0x0,0x64,0x0,
  0x20,0x0,0x61,0x0,0x70,0x0,0x61,0x0,0x72,0x0,0x65,0x0,0x63,0x0,0x65,0x0,
  0x20,0x0,0x65,0x0,0x6e,0x0,0x20,0x0,0x65,0x0,0x6c,0x0,0x20,0x0,0x46,0x0,
  0x69,0x0,0x6e,0x0,0x64,0x0,0x65,0x0,0x72,0x0,0x3a,0x0,0x20,0x0,0x61,0x0,
  0x72,0x0,0x72,0x0,0xe1,0x0,0x73,0x0,0x74,0x0,0x72,0x0,0x65,0x0,0x6c,0x0,
  0x6f,0x0,0x20,0x0,0x61,0x0,0x20,0x0,0x6c,0x0,0x61,0x0,0x20,0x0,0x76,0x0,
  0x65,0x0,0x6e,0x0,0x74,0x0,0x61,0x0,0x6e,0x0,0x61,0x0,0x20,0x0,0x28,0x0,
  0x6f,0x0,0x20,0x0,0x70,0x0,0x75,0x0,0x6c,0x0,0x73,0x0,0x65,0x0,0x20,0x23,
  0x18,0x21,0xe7,0x0,0x47,0x0,0x20,0x0,0x79,0x0,0x20,0x0,0x70,0x0,0x65,0x0,
  0x67,0x0,0x75,0x0,0x65,0x0,0x20,0x0,0x73,0x0,0x75,0x0,0x20,0x0,0x72,0x0,
  0x75,0x0,0x74,0x0,0x61,0x0,0x29,0x0,0x3a,0x0,0xa,0x0,0xa,0x0,0x20,0x0,
  0x20,0x0,0x20,0x0,0x20,0x0,0x20,0x0,0x20,0x0,0x20,0x0,0x20,0x0,0x25,0x0,
  0x31,0x0,0xa,0x0,0xa,0x0,0x20,0x0,0x20,0x0,0x34,0x0,0x2e,0x0,0x20,0x0,
  0x41,0x0,0x63,0x0,0x74,0x0,0x69,0x0,0x76,0x0,0x65,0x0,0x20,0x0,0x65,0x0,
  0x6c,0x0,0x20,0x0,0x69,0x0,0x6e,0x0,0x74,0x0,0x65,0x0,0x72,0x0,0x72,0x0,
  0x75,0x0,0x70,0x0,0x74,0x0,0x6f,0x0,0x72,0x0,0x20,0x0,0x6a,0x0,0x75,0x0,
  0x6e,0x0,0x74,0x0,0x6f,0x0,0x20,0x0,0x61,0x0,0x20,0x0,0x6d,0x0,0x79,0x0,
  0x73,0x0,0x71,0x0,0x6c,0x0,0x64,0x0,0x2e,0x0,0xa,0x0,0x20,0x0,0x20,0x0,
  0x35,0x0,0x2e,0x0,0x20,0x0,0x56,0x0,0x75,0x0,0x65,0x0,0x6c,0x0,0x76,0x0,
  0x61,0x0,0x20,0x0,0x61,0x0,0x71,0x0,0x75,0x0,0xed,0x0,0x20,0x0,0x79,0x0,
  0x20,0x0,0x68,0x0,0x61,0x0,0x67,0x0,0x61,0x0,0x20,0x0,0x63,0x0,0x6c,0x0,
  0x69,0x0,0x63,0x0,0x20,0x0,0x65,0x0,0x6e,0x0,0x20,0x0,0xab,0x0,0x52,0x0,
  0x65,0x0,0x69,0x0,0x6e,0x0,0x74,0x0,0x65,0x0,0x6e,0x0,0x74,0x0,0x61,0x0,
  0x72,0x0,0xbb,0x0,0x2e,0x8,0x0,0x0,0x0,0x0,0x6,0x0,0x0,0x1,0xef,0x6d,
  0x79,0x73,0x71,0x6c,0x64,0x20,0x6e,0x65,0x20,0x70,0x61,0x72,0x76,0x69,0x65,0x6e,
  0x74,0x20,0x70,0x61,0x73,0x20,0xc3,0xa0,0x20,0xc3,0xa9,0x63,0x72,0x69,0x72,0x65,
  0x20,0x64,0x61,0x6e,0x73,0x20,0x2f,0x55,0x73,0x65,0x72,0x73,0x2f,0x53,0x68,0x61,
  0x72,0x65,0x64,0x2e,0x20,0x53,0x75,0x72,0x20,0x6d,0x61,0x63,0x4f,0x53,0x2c,0x20,
  0x75,0x6e,0x20,0x64,0xc3,0xa9,0x6d,0x6f,0x6e,0x20,0x64,0x6f,0x69,0x74,0x20,0x64,
  0x69,0x73,0x70,0x6f,0x73,0x65,0x72,0x20,0x64,0x65,0x20,0x6c,0x27,0xc2,0xab,0x20,
  0x41,0x63,0x63,0xc3,0xa8,0x73,0x20,0x63,0x6f,0x6d,0x70,0x6c,0x65,0x74,0x20,0x61,
  0x75,0x20,0x64,0x69,0x73,0x71,0x75,0x65,0x20,0xc2,0xbb,0x20,0x70,0x6f,0x75,0x72,
  0x20,0x79,0x20,0x61,0x63,0x63,0xc3,0xa9,0x64,0x65,0x72,0x2e,0xa,0xa,0x50,0x6f,
  0x75,0x72,0x20,0x6c,0x27,0x61,0x75,0x74,0x6f,0x72,0x69,0x73,0x65,0x72,0x20,0x3a,
  0xa,0x20,0x20,0x31,0x2e,0x20,0x43,0x6c,0x69,0x71,0x75,0x65,0x7a,0x20,0x73,0x75,
  0x72,0x20,0xc2,0xab,0x20,0x4f,0x75,0x76,0x72,0x69,0x72,0x20,0x6c,0x65,0x73,0x20,
  0x52,0xc3,0xa9,0x67,0x6c,0x61,0x67,0x65,0x73,0x20,0x53,0x79,0x73,0x74,0xc3,0xa8,
  0x6d,0x65,0x20,0xc2,0xbb,0x2e,0xa,0x20,0x20,0x32,0x2e,0x20,0x44,0x61,0x6e,0x73,
  0x20,0x6c,0x61,0x20,0x6c,0x69,0x73,0x74,0x65,0x2c,0x20,0x63,0x6c,0x69,0x71,0x75,
  0x65,0x7a,0x20,0x73,0x75,0x72,0x20,0x6c,0x65,0x20,0x62,0x6f,0x75,0x74,0x6f,0x6e,
  0x20,0xc2,0xab,0x20,0x2b,0x20,0xc2,0xbb,0x2e,0xa,0x20,0x20,0x33,0x2e,0x20,0x6d,
  0x79,0x73,0x71,0x6c,0x64,0x20,0x65,0x73,0x74,0x20,0x72,0xc3,0xa9,0x76,0xc3,0xa9,
  0x6c,0xc3,0xa9,0x20,0x64,0x61,0x6e,0x73,0x20,0x6c,0x65,0x20,0x46,0x69,0x6e,0x64,
  0x65,0x72,0x20,0x3a,0x20,0x67,0x6c,0x69,0x73,0x73,0x65,0x7a,0x2d,0x6c,0x65,0x20,
  0x64,0x61,0x6e,0x73,0x20,0x6c,0x61,0x20,0x66,0x65,0x6e,0xc3,0xaa,0x74,0x72,0x65,
  0x20,0x28,0x6f,0x75,0x20,0x61,0x70,0x70,0x75,0x79,0x65,0x7a,0x20,0x73,0x75,0x72,
  0x20,0xe2,0x8c,0x98,0xe2,0x87,0xa7,0x47,0x20,0x65,0x74,0x20,0x63,0x6f,0x6c,0x6c,
  0x65,0x7a,0x20,0x73,0x6f,0x6e,0x20,0x63,0x68,0x65,0x6d,0x69,0x6e,0x29,0x20,0x3a,
  0xa,0xa,0x20,0x20,0x20,0x20,0x20,0x20,0x20,0x20,0x25,0x31,0xa,0xa,0x20,0x20,
  0x34,0x2e,0x20,0x41,0x63,0x74,0x69,0x76,0x65,0x7a,0x20,0x6c,0x27,0x69,0x6e,0x74,
  0x65,0x72,0x72,0x75,0x70,0x74,0x65,0x75,0x72,0x20,0x65,0x6e,0x20,0x66,0x61,0x63,
  0x65,0x20,0x64,0x65,0x20,0x6d,0x79,0x73,0x71,0x6c,0x64,0x2e,0xa,0x20,0x20,0x35,
  0x2e,0x20,0x52,0x65,0x76,0x65,0x6e,0x65,0x7a,0x20,0x69,0x63,0x69,0x20,0x65,0x74,
  0x20,0x63,0x6c,0x69,0x71,0x75,0x65,0x7a,0x20,0x73,0x75,0x72,0x20,0xc2,0xab,0x20,
  0x52,0xc3,0xa9,0x65,0x73,0x73,0x61,0x79,0x65,0x72,0x20,0xc2,0xbb,0x2e,0x7,0x0,
  0x0,0x0,0xd,0x41,0x70,0x70,0x43,0x6f,0x6e,0x74,0x72,0x6f,0x6c,0x6c,0x65,0x72,
  0x1,0x3,0x0,0x0,0x0,0x3e,0x0,0x35,0x0,0x20,0x0,0x61,0x0,0x20,0x0,0x31,
  0x0,0x32,0x0,0x20,0x0,0x63,0x0,0x61,0x0,0x72,0x0,0x61,0x0,0x63,0x0,0x74,
  0x0,0x65,0x0,0x72,0x0,0x65,0x0,0x73,0x0,0x20,0x0,0x61,0x0,0x6c,0x0,0x66,
  0x0,0x61,0x0,0x6e,0x0,0x75,0x0,0x6d,0x0,0xe9,0x0,0x72,0x0,0x69,0x0,0x63,
  0x0,0x6f,0x0,0x73,0x8,0x0,0x0,0x0,0x0,0x6,0x0,0x0,0x0,0x24,0x35,0x20,
  0xc3,0xa0,0x20,0x31,0x32,0x20,0x63,0x61,0x72,0x61,0x63,0x74,0xc3,0xa8,0x72,0x65,
  0x73,0x20,0x61,0x6c,0x70,0x68,0x61,0x6e,0x75,0x6d,0xc3,0xa9,0x72,0x69,0x71,0x75,
  0x65,0x73,0x7,0x0,0x0,0x0,0x11,0x43,0x72,0x65,0x64,0x65,0x6e,0x74,0x69,0x61,
  0x6c,0x73,0x44,0x69,0x61,0x6c,0x6f,0x67,0x1,0x3,0x0,0x0,0x0,0x3e,0x0,0x35,
  0x0,0x20,0x0,0x61,0x0,0x20,0x0,0x31,0x0,0x35,0x0,0x20,0x0,0x63,0x0,0x61,
  0x0,0x72,0x0,0x61,0x0,0x63,0x0,0x74,0x0,0x65,0x0,0x72,0x0,0x65,0x0,0x73,
  0x0,0x20,0x0,0x61,0x0,0x6c,0x0,0x66,0x0,0x61,0x0,0x6e,0x0,0x75,0x0,0x6d,
  0x0,0xe9,0x0,0x72,0x0,0x69,0x0,0x63,0x0,0x6f,0x0,0x73,0x8,0x0,0x0,0x0,
  0x0,0x6,0x0,0x0,0x0,0x24,0x35,0x20,0xc3,0xa0,0x20,0x31,0x35,0x20,0x63,0x61,
  0x72,0x61,0x63,0x74,0xc3,0xa8,0x72,0x65,0x73,0x20,0x61,0x6c,0x70,0x68,0x61,0x6e,
  0x75,0x6d,0xc3,0xa9,0x72,0x69,0x71,0x75,0x65,0x73,0x7,0x0,0x0,0x0,0x11,0x43,
  0x72,0x65,0x64,0x65,0x6e,0x74,0x69,0x61,0x6c,0x73,0x44,0x69,0x61,0x6c,0x6f,0x67,
  0x1,0x3,0x0,0x0,0x0,0x10,0x0,0x43,0x0,0x61,0x0,0x6e,0x0,0x63,0x0,0x65,
  0x0,0x6c,0x0,0x61,0x0,0x72,0x8,0x0,0x0,0x0,0x0,0x6,0x0,0x0,0x0,0x7,
  0x41,0x6e,0x6e,0x75,0x6c,0x65,0x72,0x7,0x0,0x0,0x0,0x11,0x43,0x72,0x65,0x64,
  0x65,0x6e,0x74,0x69,0x61,0x6c,0x73,0x44,0x69,0x61,0x6c,0x6f,0x67,0x1,0x3,0x0,
  0x0,0x0,0x9a,0x0,0x45,0x0,0x73,0x0,0x74,0x0,0x61,0x0,0x20,0x0,0x63,0x0,
  0x75,0x0,0x65,0x0,0x6e,0x0,0x74,0x0,0x61,0x0,0x20,0x0,0x73,0x0,0x65,0x0,
  0x20,0x0,0x75,0x0,0x73,0x0,0x61,0x0,0x72,0x0,0xe1,0x0,0x20,0x0,0x70,0x0,
  0x61,0x0,0x72,0x0,0x61,0x0,0x20,0x0,0x61,0x0,0x63,0x0,0x63,0x0,0x65,0x0,
  0x64,0x0,0x65,0x0,0x72,0x0,0x20,0x0,0x61,0x0,0x20,0x0,0x4d,0x0,0x79,0x0,
  0x53,0x0,0x51,0x0,0x4c,0x0,0x2e,0x0,0xa,0x0,0x53,0x0,0x6f,0x0,0x6c,0x0,
  0x6f,0x0,0x20,0x0,0x73,0x0,0x65,0x0,0x20,0x0,0x70,0x0,0x65,0x0,0x72,0x0,
  0x6d,0x0,0x69,0x0,0x74,0x0,0x65,0x0,0x6e,0x0,0x20,0x0,0x6c,0x0,0x65,0x0,
  0x74,0x0,0x72,0x0,0x61,0x0,0x73,0x0,0x20,0x0,0x79,0x0,0x20,0x0,0x64,0x0,
  0xed,0x0,0x67,0x0,0x69,0x0,0x74,0x0,0x6f,0x0,0x73,0x0,0x2e,0x8,0x0,0x0,
  0x0,0x0,0x6,0x0,0x0,0x0,0x5e,0x43,0x65,0x20,0x63,0x6f,0x6d,0x70,0x74,0x65,
  0x20,0x73,0x65,0x72,0x61,0x20,0x75,0x74,0x69,0x6c,0x69,0x73,0xc3,0xa9,0x20,0x70,
  0x6f,0x75,0x72,0x20,0x61,0x63,0x63,0xc3,0xa9,0x64,0x65,0x72,0x20,0xc3,0xa0,0x20,
  0x4d,0x79,0x53,0x51,0x4c,0x2e,0xa,0x53,0x65,0x75,0x6c,0x73,0x20,0x6c,0x65,0x73,
  0x20,0x6c,0x65,0x74,0x74,0x72,0x65,0x73,0x20,0x65,0x74,0x20,0x63,0x68,0x69,0x66,
  0x66,0x72,0x65,0x73,0x20,0x73,0x6f,0x6e,0x74,0x20,0x61,0x75,0x74,0x6f,0x72,0x69,
  0x73,0xc3,0xa9,0x73,0x2e,0x7,0x0,0x0,0x0,0x11,0x43,0x72,0x65,0x64,0x65,0x6e,
  0x74,0x69,0x61,0x6c,0x73,0x44,0x69,0x61,0x6c,0x6f,0x67,0x1,0x3,0x0,0x0,0x0,
  0x14,0x0,0x43,0x0,0x6f,0x0,0x6e,0x0,0x66,0x0,0x69,0x0,0x72,0x0,0x6d,0x0,
  0x61,0x0,0x72,0x0,0x3a,0x8,0x0,0x0,0x0,0x0,0x6,0x0,0x0,0x0,0xe,0x43,
  0x6f,0x6e,0x66,0x69,0x72,0x6d,0x61,0x74,0x69,0x6f,0x6e,0x20,0x3a,0x7,0x0,0x0,
  0x0,0x11,0x43,0x72,0x65,0x64,0x65,0x6e,0x74,0x69,0x61,0x6c,0x73,0x44,0x69,0x61,
  0x6c,0x6f,0x67,0x1,0x3,0x0,0x0,0x0,0x20,0x0,0x43,0x0,0x6f,0x0,0x6e,0x0,
  0x65,0x0,0x78,0x0,0x69,0x0,0xf3,0x0,0x6e,0x0,0x20,0x0,0x61,0x0,0x20,0x0,
  0x4d,0x0,0x79,0x0,0x53,0x0,0x51,0x0,0x4c,0x8,0x0,0x0,0x0,0x0,0x6,0x0,
  0x0,0x0,0x12,0x43,0x6f,0x6e,0x6e,0x65,0x78,0x69,0x6f,0x6e,0x20,0xc3,0xa0,0x20,
  0x4d,0x79,0x53,0x51,0x4c,0x7,0x0,0x0,0x0,0x11,0x43,0x72,0x65,0x64,0x65,0x6e,
  0x74,0x69,0x61,0x6c,0x73,0x44,0x69,0x61,0x6c,0x6f,0x67,0x1,0x3,0x0,0x0,0x0,
  0x18,0x0,0x43,0x0,0x72,0x0,0x65,0x0,0x61,0x0,0x72,0x0,0x20,0x0,0x63,0x0,
  0x75,0x0,0x65,0x0,0x6e,0x0,0x74,0x0,0x61,0x8,0x0,0x0,0x0,0x0,0x6,0x0,
  0x0,0x0,0x10,0x43,0x72,0xc3,0xa9,0x65,0x72,0x20,0x6c,0x65,0x20,0x63,0x6f,0x6d,
  0x70,0x74,0x65,0x7,0x0,0x0,0x0,0x11,0x43,0x72,0x65,0x64,0x65,0x6e,0x74,0x69,
  0x61,0x6c,0x73,0x44,0x69,0x61,0x6c,0x6f,0x67,0x1,0x3,0x0,0x0,0x0,0x24,0x0,
  0x43,0x0,0x72,0x0,0x65,0x0,0x61,0x0,0x72,0x0,0x20,0x0,0x63,0x0,0x75,0x0,
  0x65,0x0,0x6e,0x0,0x74,0x0,0x61,0x0,0x20,0x0,0x4d,0x0,0x79,0x0,0x53,0x0,
  0x51,0x0,0x4c,0x8,0x0,0x0,0x0,0x0,0x6,0x0,0x0,0x0,0x16,0x43,0x72,0xc3,
  0xa9,0x65,0x72,0x20,0x75,0x6e,0x20,0x63,0x6f,0x6d,0x70,0x74,0x65,0x20,0x4d,0x79,
  0x53,0x51,0x4c,0x7,0x0,0x0,0x0,0x11,0x43,0x72,0x65,0x64,0x65,0x6e,0x74,0x69,
  0x61,0x6c,0x73,0x44,0x69,0x61,0x6c,0x6f,0x67,0x1,0x3,0x0,0x0,0x0,0x5c,0x0,
  0x4c,0x0,0x61,0x0,0x20,0x0,0x63,0x0,0x61,0x0,0x72,0x0,0x70,0x0,0x65,0x0,
  0x74,0x0,0x61,0x0,0x20,0x0,0x63,0x0,0x6f,0x0,0x6d,0x0,0x70,0x0,0x61,0x0,
  0x72,0x0,0x74,0x0,0x69,0x0,0x64,0x0,0x61,0x0,0x20,0x0,0x65,0x0,0x78,0x0,
  0x69,0x0,0x73,0x0,0x74,0x0,0x65,0x0,0x20,0x0,0x79,0x0,0x20,0x0,0x65,0x0,
  0x73,0x0,0x74,0x0,0xe1,0x0,0x20,0x0,0x63,0x0,0x6f,0x0,0x6d,0x0,0x70,0x0,
  0x61,0x0,0x72,0x0,0x74,0x0,0x69,0x0,0x64,0x0,0x61,0x8,0x0,0x0,0x0,0x0,
  0x6,0x0,0x0,0x0,0x23,0x44,0x6f,0x73,0x73,0x69,0x65,0x72,0x20,0x70,0x61,0x72,
  0x74,0x61,0x67,0xc3,0xa9,0x20,0x65,0x78,0x69,0x73,0x74,0x65,0x20,0x65,0x74,0x20,
  0x70,0x61,0x72,0x74,0x61,0x67,0xc3,0xa9,0x7,0x0,0x0,0x0,0x11,0x43,0x72,0x65,
  0x64,0x65,0x6e,0x74,0x69,0x61,0x6c,0x73,0x44,0x69,0x61,0x6c,0x6f,0x67,0x1,0x3,
  0x0,0x0,0x0,0x44,0x0,0x50,0x0,0x72,0x0,0x69,0x0,0x76,0x0,0x69,0x0,0x6c,
  0x0,0x65,0x0,0x67,0x0,0x69,0x0,0x6f,0x0,0x73,0x0,0x20,0x0,0x64,0x0,0x65,
  0x0,0x20,0x0,0x75,0x0,0x73,0x0,0x75,0x0,0x61,0x0,0x72,0x0,0x69,0x0,0x6f,
  0x0,0x20,0x0,0x63,0x0,0x6f,0x0,0x6e,0x0,0x66,0x0,0x69,0x0,0x72,0x0,0x6d,
  0x0,0x61,0x0,0x64,0x0,0x6f,0x0,0x73,0x8,0x0,0x0,0x0,0x0,0x6,0x0,0x0,
  0x0,0x1e,0x44,0x72,0x6f,0x69,0x74,0x73,0x20,0x75,0x74,0x69,0x6c,0x69,0x73,0x61,
  0x74,0x65,0x75,0x72,0x73,0x20,0x63,0x6f,0x6e,0x66,0x69,0x72,0x6d,0xc3,0xa9,0x73,
  0x7,0x0,0x0,0x0,0x11,0x43,0x72,0x65,0x64,0x65,0x6e,0x74,0x69,0x61,0x6c,0x73,
  0x44,0x69,0x61,0x6c,0x6f,0x67,0x1,0x3,0x0,0x0,0x0,0x58,0x0,0x45,0x0,0x6c,
  0x0,0x20,0x0,0x75,0x0,0x73,0x0,0x75,0x0,0x61,0x0,0x72,0x0,0x69,0x0,0x6f,
  0x0,0x20,0x0,0x64,0x0,0x65,0x0,0x62,0x0,0x65,0x0,0x20,0x0,0x74,0x0,0x65,
  0x0,0x6e,0x0,0x65,0x0,0x72,0x0,0x20,0x0,0x61,0x0,0x6c,0x0,0x20,0x0,0x6d,
  0x0,0x65,0x0,0x6e,0x0,0x6f,0x0,0x73,0x0,0x20,0x0,0x35,0x0,0x20,0x0,0x63,
  0x0,0x61,0x0,0x72,0x0,0x61,0x0,0x63,0x0,0x74,0x0,0x65,0x0,0x72,0x0,0x65,
  0x0,0x73,0x0,0x2e,0x8,0x0,0x0,0x0,0x0,0x6,0x0,0x0,0x0,0x2e,0x4c,0x65,
  0x20,0x6c,0x6f,0x67,0x69,0x6e,0x20,0x64,0x6f,0x69,0x74,0x20,0x63,0x6f,0x6e,0x74,
  0x65,0x6e,0x69,0x72,0x20,0x61,0x75,0x20,0x6d,0x6f,0x69,0x6e,0x73,0x20,0x35,0x20,
  0x63,0x61,0x72,0x61,0x63,0x74,0xc3,0xa8,0x72,0x65,0x73,0x2e,0x7,0x0,0x0,0x0,
  0x11,0x43,0x72,0x65,0x64,0x65,0x6e,0x74,0x69,0x61,0x6c,0x73,0x44,0x69,0x61,0x6c,
  0x6f,0x67,0x1,0x3,0x0,0x0,0x0,0x5e,0x0,0x4c,0x0,0x61,0x0,0x20,0x0,0x63,
  0x0,0x6f,0x0,0x6e,0x0,0x74,0x0,0x72,0x0,0x61,0x0,0x73,0x0,0x65,0x0,0xf1,
  0x0,0x61,0x0,0x20,0x0,0x64,0x0,0x65,0x0,0x62,0x0,0x65,0x0,0x20,0x0,0x74,
  0x0,0x65,0x0,0x6e,0x0,0x65,0x0,0x72,0x0,0x20,0x0,0x61,0x0,0x6c,0x0,0x20,
  0x0,0x6d,0x0,0x65,0x0,0x6e,0x0,0x6f,0x0,0x73,0x0,0x20,0x0,0x35,0x0,0x20,
  0x0,0x63,0x0,0x61,0x0,0x72,0x0,0x61,0x0,0x63,0x0,0x74,0x0,0x65,0x0,0x72,
  0x0,0x65,0x0,0x73,0x0,0x2e,0x8,0x0,0x0,0x0,0x0,0x6,0x0,0x0,0x0,0x35,
  0x4c,0x65,0x20,0x6d,0x6f,0x74,0x20,0x64,0x65,0x20,0x70,0x61,0x73,0x73,0x65,0x20,
  0x64,0x6f,0x69,0x74,0x20,0x63,0x6f,0x6e,0x74,0x65,0x6e,0x69,0x72,0x20,0x61,0x75,
  0x20,0x6d,0x6f,0x69,0x6e,0x73,0x20,0x35,0x20,0x63,0x61,0x72,0x61,0x63,0x74,0xc3,
  0xa8,0x72,0x65,0x73,0x2e,0x7,0x0,0x0,0x0,0x11,0x43,0x72,0x65,0x64,0x65,0x6e,
  0x74,0x69,0x61,0x6c,0x73,0x44,0x69,0x61,0x6c,0x6f,0x67,0x1,0x3,0x0,0x0,0x0,
  0x4a,0x0,0x4c,0x0,0x65,0x0,0x63,0x0,0x74,0x0,0x75,0x0,0x72,0x0,0x61,0x0,
  0x2f,0x0,0x65,0x0,0x73,0x0,0x63,0x0,0x72,0x0,0x69,0x0,0x74,0x0,0x75,0x0,
  0x72,0x0,0x61,0x0,0x20,0x0,0x64,0x0,0x65,0x0,0x20,0x0,0x6d,0x0,0x79,0x0,
  0x73,0x0,0x71,0x0,0x6c,0x0,0x20,0x0,0x76,0x0,0x65,0x0,0x72,0x0,0x69,0x0,
  0x66,0x0,0x69,0x0,0x63,0x0,0x61,0x0,0x64,0x0,0x61,0x8,0x0,0x0,0x0,0x0,
  0x6,0x0,0x0,0x0,0x24,0x4c,0x65,0x63,0x74,0x75,0x72,0x65,0x20,0x2f,0x20,0xc3,
  0xa9,0x63,0x72,0x69,0x74,0x75,0x72,0x65,0x20,0x6d,0x79,0x73,0x71,0x6c,0x20,0x76,
  0xc3,0xa9,0x72,0x69,0x66,0x69,0xc3,0xa9,0x65,0x7,0x0,0x0,0x0,0x11,0x43,0x72,
  0x65,0x64,0x65,0x6e,0x74,0x69,0x61,0x6c,0x73,0x44,0x69,0x61,0x6c,0x6f,0x67,0x1,
  0x3,0x0,0x0,0x0,0x3a,0x0,0x4c,0x0,0x61,0x0,0x73,0x0,0x20,0x0,0x63,0x0,
  0x6f,0x0,0x6e,0x0,0x74,0x0,0x72,0x0,0x61,0x0,0x73,0x0,0x65,0x0,0xf1,0x0,
  0x61,0x0,0x73,0x0,0x20,0x0,0x6e,0x0,0x6f,0x0,0x20,0x0,0x63,0x0,0x6f,0x0,
  0x69,0x0,0x6e,0x0,0x63,0x0,0x69,0x0,0x64,0x0,0x65,0x0,0x6e,0x0,0x2e,0x8,
  0x0,0x0,0x0,0x0,0x6,0x0,0x0,0x0,0x27,0x4c,0x65,0x73,0x20,0x6d,0x6f,0x74,
  0x73,0x20,0x64,0x65,0x20,0x70,0x61,0x73,0x73,0x65,0x20,0x6e,0x65,0x20,0x63,0x6f,
  0x72,0x72,0x65,0x73,0x70,0x6f,0x6e,0x64,0x65,0x6e,0x74,0x20,0x70,0x61,0x73,0x2e,
  0x7,0x0,0x0,0x0,0x11,0x43,0x72,0x65,0x64,0x65,0x6e,0x74,0x69,0x61,0x6c,0x73,
  0x44,0x69,0x61,0x6c,0x6f,0x67,0x1,0x3,0x0,0x0,0x0,0x10,0x0,0x55,0x0,0x73,
  0x0,0x75,0x0,0x61,0x0,0x72,0x0,0x69,0x0,0x6f,0x0,0x3a,0x8,0x0,0x0,0x0,
  0x0,0x6,0x0,0x0,0x0,0x7,0x4c,0x6f,0x67,0x69,0x6e,0x20,0x3a,0x7,0x0,0x0,
  0x0,0x11,0x43,0x72,0x65,0x64,0x65,0x6e,0x74,0x69,0x61,0x6c,0x73,0x44,0x69,0x61,
  0x6c,0x6f,0x67,0x1,0x3,0x0,0x0,0x0,0x16,0x0,0x43,0x0,0x6f,0x0,0x6e,0x0,
  0x74,0x0,0x72,0x0,0x61,0x0,0x73,0x0,0x65,0x0,0xf1,0x0,0x61,0x0,0x3a,0x8,
  0x0,0x0,0x0,0x0,0x6,0x0,0x0,0x0,0xe,0x4d,0x6f,0x74,0x20,0x64,0x65,0x20,
  0x70,0x61,0x73,0x73,0x65,0x20,0x3a,0x7,0x0,0x0,0x0,0x11,0x43,0x72,0x65,0x64,
  0x65,0x6e,0x74,0x69,0x61,0x6c,0x73,0x44,0x69,0x61,0x6c,0x6f,0x67,0x1,0x3,0x0,
  0x0,0x0,0x2a,0x0,0x4d,0x0,0x79,0x0,0x53,0x0,0x51,0x0,0x4c,0x0,0x20,0x0,
  0x38,0x0,0x2e,0x0,0x34,0x0,0x2e,0x0,0x33,0x0,0x20,0x0,0x69,0x0,0x6e,0x0,
  0x73,0x0,0x74,0x0,0x61,0x0,0x6c,0x0,0x61,0x0,0x64,0x0,0x6f,0x8,0x0,0x0,
  0x0,0x0,0x6,0x0,0x0,0x0,0x15,0x4d,0x79,0x53,0x51,0x4c,0x20,0x38,0x2e,0x34,
  0x2e,0x33,0x20,0x69,0x6e,0x73,0x74,0x61,0x6c,0x6c,0xc3,0xa9,0x7,0x0,0x0,0x0,
  0x11,0x43,0x72,0x65,0x64,0x65,0x6e,0x74,0x69,0x61,0x6c,0x73,0x44,0x69,0x61,0x6c,
  0x6f,0x67,0x1,0x3,0x0,0x0,0x0,0x1e,0x0,0x4d,0x0,0x79,0x0,0x53,0x0,0x51,
  0x0,0x4c,0x0,0x20,0x0,0x49,0x0,0x6e,0x0,0x73,0x0,0x74,0x0,0x61,0x0,0x6c,
  0x0,0x6c,0x0,0x65,0x0,0x72,0x8,0x0,0x0,0x0,0x0,0x6,0x0,0x0,0x0,0xf,
  0x4d,0x79,0x53,0x51,0x4c,0x20,0x49,0x6e,0x73,0x74,0x61,0x6c,0x6c,0x65,0x72,0x7,
  0x0,0x0,0x0,0x11,0x43,0x72,0x65,0x64,0x65,0x6e,0x74,0x69,0x61,0x6c,0x73,0x44,
  0x69,0x61,0x6c,0x6f,0x67,0x1,0x3,0x0,0x0,0x0,0x28,0x0,0x52,0x0,0x65,0x0,
  0x70,0x0,0x69,0x0,0x74,0x0,0x61,0x0,0x20,0x0,0x6c,0x0,0x61,0x0,0x20,0x0,
  0x63,0x0,0x6f,0x0,0x6e,0x0,0x74,0x0,0x72,0x0,0x61,0x0,0x73,0x0,0x65,0x0,
  0xf1,0x0,0x61,0x8,0x0,0x0,0x0,0x0,0x6,0x0,0x0,0x0,0x19,0x52,0xc3,0xa9,
  0x70,0xc3,0xa9,0x74,0x65,0x7a,0x20,0x6c,0x65,0x20,0x6d,0x6f,0x74,0x20,0x64,0x65,
  0x20,0x70,0x61,0x73,0x73,0x65,0x7,0x0,0x0,0x0,0x11,0x43,0x72,0x65,0x64,0x65,
  0x6e,0x74,0x69,0x61,0x6c,0x73,0x44,0x69,0x61,0x6c,0x6f,0x67,0x1,0x3,0x0,0x0,
  0x0,0x84,0x0,0x49,0x0,0x6e,0x0,0x67,0x0,0x72,0x0,0x65,0x0,0x73,0x0,0x65,
  0x0,0x20,0x0,0x73,0x0,0x75,0x0,0x73,0x0,0x20,0x0,0x63,0x0,0x72,0x0,0x65,
  0x0,0x64,0x0,0x65,0x0,0x6e,0x0,0x63,0x0,0x69,0x0,0x61,0x0,0x6c,0x0,0x65,
  0x0,0x73,0x0,0x20,0x0,0x4d,0x0,0x79,0x0,0x53,0x0,0x51,0x0,0x4c,0x0,0x2e,
  0x0,0xa,0x0,0x53,0x0,0x6f,0x0,0x6c,0x0,0x6f,0x0,0x20,0x0,0x73,0x0,0x65,
  0x0,0x20,0x0,0x70,0x0,0x65,0x0,0x72,0x0,0x6d,0x0,0x69,0x0,0x74,0x0,0x65,
  0x0,0x6e,0x0,0x20,0x0,0x6c,0x0,0x65,0x0,0x74,0x0,0x72,0x0,0x61,0x0,0x73,
  0x0,0x20,0x0,0x79,0x0,0x20,0x0,0x64,0x0,0xed,0x0,0x67,0x0,0x69,0x0,0x74,
  0x0,0x6f,0x0,0x73,0x0,0x2e,0x8,0x0,0x0,0x0,0x0,0x6,0x0,0x0,0x0,0x50,
  0x53,0x61,0x69,0x73,0x69,0x73,0x73,0x65,0x7a,0x20,0x76,0x6f,0x73,0x20,0x69,0x64,
  0x65,0x6e,0x74,0x69,0x66,0x69,0x61,0x6e,0x74,0x73,0x20,0x4d,0x79,0x53,0x51,0x4c,
  0x2e,0xa,0x53,0x65,0x75,0x6c,0x73,0x20,0x6c,0x65,0x73,0x20,0x6c,0x65,0x74,0x74,
  0x72,0x65,0x73,0x20,0x65,0x74,0x20,0x63,0x68,0x69,0x66,0x66,0x72,0x65,0x73,0x20,
  0x73,0x6f,0x6e,0x74,0x20,0x61,0x75,0x74,0x6f,0x72,0x69,0x73,0xc3,0xa9,0x73,0x2e,
  0x7,0x0,0x0,0x0,0x11,0x43,0x72,0x65,0x64,0x65,0x6e,0x74,0x69,0x61,0x6c,0x73,
  0x44,0x69,0x61,0x6c,0x6f,0x67,0x1,0x3,0x0,0x0,0x0,0x44,0x0,0x56,0x0,0x61,
  0x0,0x72,0x0,0x69,0x0,0x61,0x0,0x62,0x0,0x6c,0x0,0x65,0x0,0x20,0x0,0x64,
  0x0,0x65,0x0,0x20,0x0,0x65,0x0,0x6e,0x0,0x74,0x0,0x6f,0x0,0x72,0x0,0x6e,
  0x0,0x6f,0x0,0x20,0x0,0x4d,0x0,0x79,0x0,0x53,0x0,0x51,0x0,0x4c,0x0,0x20,
  0x0,0x63,0x0,0x6f,0x0,0x72,0x0,0x72,0x0,0x65,0x0,0x63,0x0,0x74,0x0,0x61,
  0x8,0x0,0x0,0x0,0x0,0x6,0x0,0x0,0x0,0x21,0x56,0x61,0x72,0x69,0x61,0x62,
  0x6c,0x65,0x20,0x64,0x27,0x65,0x6e,0x76,0x69,0x72,0x6f,0x6e,0x6e,0x65,0x6d,0x65,
  0x6e,0x74,0x20,0x4d,0x79,0x53,0x51,0x4c,0x20,0x4f,0x4b,0x7,0x0,0x0,0x0,0x11,
  0x43,0x72,0x65,0x64,0x65,0x6e,0x74,0x69,0x61,0x6c,0x73,0x44,0x69,0x61,0x6c,0x6f,
  0x67,0x1,0x3,0x0,0x0,0x0,0x12,0x0,0x56,0x0,0x65,0x0,0x72,0x0,0x69,0x0,
  0x66,0x0,0x69,0x0,0x63,0x0,0x61,0x0,0x72,0x8,0x0,0x0,0x0,0x0,0x6,0x0,
  0x0,0x0,0x9,0x56,0xc3,0xa9,0x72,0x69,0x66,0x69,0x65,0x72,0x7,0x0,0x0,0x0,
  0x11,0x43,0x72,0x65,0x64,0x65,0x6e,0x74,0x69,0x61,0x6c,0x73,0x44,0x69,0x61,0x6c,
  0x6f,0x67,0x1,0x3,0x0,0x0,0x0,0x38,0x0,0x73,0x0,0x65,0x0,0x63,0x0,0x75,
  0x0,0x72,0x0,0x65,0x0,0x5f,0x0,0x66,0x0,0x69,0x0,0x6c,0x0,0x65,0x0,0x5f,
  0x0,0x70,0x0,0x72,0x0,0x69,0x0,0x76,0x0,0x20,0x0,0x63,0x0,0x6f,0x0,0x6e,
  0x0,0x66,0x0,0x69,0x0,0x67,0x0,0x75,0x0,0x72,0x0,0x61,0x0,0x64,0x0,0x6f,
  0x8,0x0,0x0,0x0,0x0,0x6,0x0,0x0,0x0,0x1b,0x73,0x65,0x63,0x75,0x72,0x65,
  0x5f,0x66,0x69,0x6c,0x65,0x5f,0x70,0x72,0x69,0x76,0x20,0x63,0x6f,0x6e,0x66,0x69,
  0x67,0x75,0x72,0xc3,0xa9,0x7,0x0,0x0,0x0,0x11,0x43,0x72,0x65,0x64,0x65,0x6e,
  0x74,0x69,0x61,0x6c,0x73,0x44,0x69,0x61,0x6c,0x6f,0x67,0x1,0x3,0x0,0x0,0x0,
  0x30,0x0,0x45,0x0,0x73,0x0,0x74,0x0,0x61,0x0,0x64,0x0,0x6f,0x0,0x20,0x0,
  0x64,0x0,0x65,0x0,0x20,0x0,0x6c,0x0,0x61,0x0,0x20,0x0,0x69,0x0,0x6e,0x0,
  0x73,0x0,0x74,0x0,0x61,0x0,0x6c,0x0,0x61,0x0,0x63,0x0,0x69,0x0,0xf3,0x0,
  0x6e,0x8,0x0,0x0,0x0,0x0,0x6,0x0,0x0,0x0,0x17,0xc3,0x89,0x74,0x61,0x74,
  0x20,0x64,0x65,0x20,0x6c,0x27,0x69,0x6e,0x73,0x74,0x61,0x6c,0x6c,0x61,0x74,0x69,
  0x6f,0x6e,0x7,0x0,0x0,0x0,0x11,0x43,0x72,0x65,0x64,0x65,0x6e,0x74,0x69,0x61,
  0x6c,0x73,0x44,0x69,0x61,0x6c,0x6f,0x67,0x1,0x3,0x0,0x0,0x0,0x1e,0x0,0x4d,
  0x0,0x79,0x0,0x53,0x0,0x51,0x0,0x4c,0x0,0x20,0x0,0x49,0x0,0x6e,0x0,0x73,
  0x0,0x74,0x0,0x61,0x0,0x6c,0x0,0x6c,0x0,0x65,0x0,0x72,0x8,0x0,0x0,0x0,
  0x0,0x6,0x0,0x0,0x0,0xf,0x4d,0x79,0x53,0x51,0x4c,0x20,0x49,0x6e,0x73,0x74,
  0x61,0x6c,0x6c,0x65,0x72,0x7,0x0,0x0,0x0,0xe,0x50,0x72,0x6f,0x67,0x72,0x65,
  0x73,0x73,0x44,0x69,0x61,0x6c,0x6f,0x67,0x1,0x3,0x0,0x0,0x0,0x8c,0x0,0x45,
  0x0,0x73,0x0,0x74,0x0,0x65,0x0,0x20,0x0,0x70,0x0,0x72,0x0,0x6f,0x0,0x67,
  0x0,0x72,0x0,0x61,0x0,0x6d,0x0,0x61,0x0,0x20,0x0,0x72,0x0,0x65,0x0,0x71,
  0x0,0x75,0x0,0x69,0x0,0x65,0x0,0x72,0x0,0x65,0x0,0x20,0x0,0x57,0x0,0x69,
  0x0,0x6e,0x0,0x64,0x0,0x6f,0x0,0x77,0x0,0x73,0x0,0x20,0x0,0x31,0x0,0x30,
  0x0,0x20,0x0,0x6f,0x0,0x20,0x0,0x57,0x0,0x69,0x0,0x6e,0x0,0x64,0x0,0x6f,
  0x0,0x77,0x0,0x73,0x0,0x20,0x0,0x31,0x0,0x31,0x0,0x2e,0x0,0xa,0x0,0x56,
  0x0,0x65,0x0,0x72,0x0,0x73,0x0,0x69,0x0,0xf3,0x0,0x6e,0x0,0x20,0x0,0x64,
  0x0,0x65,0x0,0x74,0x0,0x65,0x0,0x63,0x0,0x74,0x0,0x61,0x0,0x64,0x0,0x61,
  0x0,0x3a,0x0,0x20,0x0,0x25,0x0,0x31,0x0,0x2e,0x8,0x0,0x0,0x0,0x0,0x6,
  0x0,0x0,0x0,0x4a,0x43,0x65,0x20,0x70,0x72,0x6f,0x67,0x72,0x61,0x6d,0x6d,0x65,
  0x20,0x6e,0xc3,0xa9,0x63,0x65,0x73,0x73,0x69,0x74,0x65,0x20,0x57,0x69,0x6e,0x64,
  0x6f,0x77,0x73,0x20,0x31,0x30,0x20,0x6f,0x75,0x20,0x57,0x69,0x6e,0x64,0x6f,0x77,
  0x73,0x20,0x31,0x31,0x2e,0xa,0x56,0x65,0x72,0x73,0x69,0x6f,0x6e,0x20,0x64,0xc3,
  0xa9,0x74,0x65,0x63,0x74,0xc3,0xa9,0x65,0x20,0x3a,0x20,0x25,0x31,0x2e,0x7,0x0,
  0x0,0x0,0x4,0x6d,0x61,0x69,0x6e,0x1,0x3,0x0,0x0,0x0,0xa0,0x0,0x45,0x0,
  0x73,0x0,0x74,0x0,0x65,0x0,0x20,0x0,0x70,0x0,0x72,0x0,0x6f,0x0,0x67,0x0,
  0x72,0x0,0x61,0x0,0x6d,0x0,0x61,0x0,0x20,0x0,0x72,0x0,0x65,0x0,0x71,0x0,
  0x75,0x0,0x69,0x0,0x65,0x0,0x72,0x0,0x65,0x0,0x20,0x0,0x6d,0x0,0x61,0x0,
  0x63,0x0,0x4f,0x0,0x53,0x0,0x20,0x0,0x4d,0x0,0x6f,0x0,0x6e,0x0,0x74,0x0,
  0x65,0x0,0x72,0x0,0x65,0x0,0x79,0x0,0x20,0x0,0x28,0x0,0x31,0x0,0x32,0x0,
  0x2e,0x0,0x30,0x0,0x29,0x0,0x20,0x0,0x6f,0x0,0x20,0x0,0x70,0x0,0x6f,0x0,
  0x73,0x0,0x74,0x0,0x65,0x0,0x72,0x0,0x69,0x0,0x6f,0x0,0x72,0x0,0x2e,0x0,
  0xa,0x0,0x56,0x0,0x65,0x0,0x72,0x0,0x73,0x0,0x69,0x0,0xf3,0x0,0x6e,0x0,
  0x20,0x0,0x64,0x0,0x65,0x0,0x74,0x0,0x65,0x0,0x63,0x0,0x74,0x0,0x61,0x0,
  0x64,0x0,0x61,0x0,0x3a,0x0,0x20,0x0,0x25,0x0,0x31,0x0,0x2e,0x8,0x0,0x0,
  0x0,0x0,0x6,0x0,0x0,0x0,0x62,0x43,0x65,0x20,0x70,0x72,0x6f,0x67,0x72,0x61,
  0x6d,0x6d,0x65,0x20,0x6e,0xc3,0xa9,0x63,0x65,0x73,0x73,0x69,0x74,0x65,0x20,0x6d,
  0x61,0x63,0x4f,0x53,0x20,0x4d,0x6f,0x6e,0x74,0x65,0x72,0x65,0x79,0x20,0x28,0x31,
  0x32,0x2e,0x30,0x29,0x20,0x6f,0x75,0x20,0x75,0x6e,0x65,0x20,0x76,0x65,0x72,0x73,
  0x69,0x6f,0x6e,0x20,0x75,0x6c,0x74,0xc3,0xa9,0x72,0x69,0x65,0x75,0x72,0x65,0x2e,
  0xa,0x56,0x65,0x72,0x73,0x69,0x6f,0x6e,0x20,0x64,0xc3,0xa9,0x74,0x65,0x63,0x74,
  0xc3,0xa9,0x65,0x20,0x3a,0x20,0x25,0x31,0x2e,0x7,0x0,0x0,0x0,0x4,0x6d,0x61,
  0x69,0x6e,0x1,0x3,0x0,0x0,0x0,0x28,0x0,0x53,0x0,0x69,0x0,0x73,0x0,0x74,
  0x0,0x65,0x0,0x6d,0x0,0x61,0x0,0x20,0x0,0x69,0x0,0x6e,0x0,0x63,0x0,0x6f,
  0x0,0x6d,0x0,0x70,0x0,0x61,0x0,0x74,0x0,0x69,0x0,0x62,0x0,0x6c,0x0,0x65,
  0x8,0x0,0x0,0x0,0x0,0x6,0x0,0x0,0x0,0x17,0x53,0x79,0x73,0x74,0xc3,0xa8,
  0x6d,0x65,0x20,0x6e,0x6f,0x6e,0x20,0x63,0x6f,0x6d,0x70,0x61,0x74,0x69,0x62,0x6c,
  0x65,0x7,0x0,0x0,0x0,0x4,0x6d,0x61,0x69,0x6e,0x1,0x88,0x0,0x0,0x0,0x2,
  0x1,0x1,
    // mysql_installer_en.qm
  0x0,0x0,0x2f,0x77,
  0x3c,
  0xb8,0x64,0x18,0xca,0xef,0x9c,0x95,0xcd,0x21,0x1c,0xbf,0x60,0xa1,0xbd,0xdd,0xa7,
  0x0,0x0,0x0,0x5,0x65,0x6e,0x5f,0x55,0x53,0x42,0x0,0x0,0x2,0x0,0x0,0x8f,
  0xad,0x22,0x0,0x0,0x29,0x93,0x0,0xaf,0x8b,0x16,0x0,0x0,0x15,0x7,0x0,0xec,
  0x35,0xa,0x0,0x0,0x26,0xbd,0x0,0xff,0x81,0x7e,0x0,0x0,0x26,0x9,0x1,0xf,
  0x41,0xee,0x0,0x0,0x1,0xfc,0x2,0x6,0x86,0xce,0x0,0x0,0x3,0xb1,0x2,0x29,
  0xd4,0x53,0x0,0x0,0x1f,0x74,0x2,0x39,0xd4,0x53,0x0,0x0,0x1f,0xfc,0x2,0x90,
  0x97,0x65,0x0,0x0,0x13,0xa8,0x2,0xfa,0x4e,0x72,0x0,0x0,0x27,0x68,0x2,0xfa,
  0x4e,0x72,0x0,0x0,0x2a,0xa8,0x2,0xff,0x4b,0x6e,0x0,0x0,0x19,0x3f,0x3,0x3,
  0xd2,0x92,0x0,0x0,0x0,0x0,0x3,0x10,0xc2,0x7b,0x0,0x0,0x29,0x12,0x3,0x5e,
  0x0,0x6a,0x0,0x0,0x26,0x84,0x3,0xf6,0xd2,0x2e,0x0,0x0,0x10,0x6c,0x4,0x5c,
  0x50,0x15,0x0,0x0,0x27,0xbb,0x4,0x7c,0x85,0x99,0x0,0x0,0xa,0xe7,0x4,0xa4,
  0x1c,0x66,0x0,0x0,0xc,0xee,0x4,0xd3,0x20,0xee,0x0,0x0,0x28,0x18,0x5,0x4,
  0x68,0x23,0x0,0x0,0x23,0xbe,0x5,0x44,0xce,0x9e,0x0,0x0,0x9,0xc3,0x5,0x7b,
  0x45,0xfe,0x0,0x0,0x2b,0xe5,0x5,0x9e,0x7f,0x85,0x0,0x0,0x25,0x8d,0x5,0xba,
  0x35,0x7e,0x0,0x0,0xd,0x98,0x5,0xed,0x39,0x79,0x0,0x0,0x27,0x3,0x6,0x18,
  0x6d,0x1e,0x0,0x0,0x6,0x94,0x7,0x2b,0xba,0x9e,0x0,0x0,0x9,0x26,0x7,0xa8,
  0x69,0xde,0x0,0x0,0x24,0x34,0x7,0xae,0xe3,0xce,0x0,0x0,0xa,0x43,0x7,0xb4,
  0x8a,0xb6,0x0,0x0,0xc,0x0,0x8,0xe,0x89,0x6e,0x0,0x0,0x24,0xda,0x8,0x30,
  0xb0,0x4c,0x0,0x0,0x22,0x23,0x8,0x55,0xc2,0x82,0x0,0x0,0x1,0xc7,0x8,0x55,
  0xc2,0x82,0x0,0x0,0x20,0x84,0x8,0x61,0x10,0xce,0x0,0x0,0x8,0x9,0x8,0x78,
  0x65,0xb5,0x0,0x0,0x16,0xd8,0x8,0xf9,0xfc,0xa9,0x0,0x0,0x0,0xdc,0x9,0xa,
  0xe,0xcf,0x0,0x0,0x12,0x15,0x9,0x63,0xfe,0x9e,0x0,0x0,0x20,0xbd,0x9,0x66,
  0x9b,0x5,0x0,0x0,0x22,0x7b,0xa,0x26,0x1d,0x6e,0x0,0x0,0x5,0xb9,0xa,0x29,
  0x39,0xb6,0x0,0x0,0xc,0x6e,0xa,0x4b,0x7a,0x7e,0x0,0x0,0x2a,0x45,0xa,0x76,
  0xe,0x46,0x0,0x0,0x16,0x28,0xa,0x7e,0x40,0x2e,0x0,0x0,0x17,0xd8,0xa,0x9b,
  0xe4,0x99,0x0,0x0,0x29,0xce,0xa,0xce,0x27,0xae,0x0,0x0,0xf,0xd,0xb,0x35,
  0xb,0x7e,0x0,0x0,0x8,0x64,0xb,0xa5,0xf0,0x99,0x0,0x0,0x14,0xf,0xc,0x33,
  0x49,0x5c,0x0,0x0,0x11,0xc9,0xc,0x50,0x94,0x23,0x0,0x0,0x7,0x89,0xc,0xac,
  0x62,0x32,0x0,0x0,0x14,0xd1,0xc,0xe2,0xc6,0xe3,0x0,0x0,0x17,0x4f,0xd,0xde,
  0xd6,0x44,0x0,0x0,0x1,0x32,0xe,0x2,0xf0,0xee,0x0,0x0,0x1a,0x79,0xe,0x32,
  0x79,0x2c,0x0,0x0,0x22,0xcd,0xe,0x72,0x3,0x76,0x0,0x0,0x15,0x96,0xe,0xbd,
  0xf0,0xee,0x0,0x0,0x13,0x0,0xe,0xe3,0x6d,0xaa,0x0,0x0,0x21,0xdf,0xf,0xa,
  0xef,0xde,0x0,0x0,0x2a,0xf8,0xf,0x1e,0x4f,0xb9,0x0,0x0,0x23,0x31,0xf,0x44,
  0x5,0x35,0x0,0x0,0x2c,0xf6,0xf,0xeb,0x54,0x36,0x0,0x0,0x14,0x75,0x69,0x0,
  0x0,0x2d,0x4c,0x3,0x0,0x0,0x0,0x42,0x0,0x25,0x0,0x6e,0x0,0x20,0x0,0x70,
  0x0,0x72,0x0,0x69,0x0,0x76,0x0,0x69,0x0,0x6c,0x0,0x65,0x0,0x67,0x0,0x65,
  0x0,0x20,0x0,0x6d,0x0,0x69,0x0,0x73,0x0,0x73,0x0,0x69,0x0,0x6e,0x0,0x67,
  0x0,0x20,0x0,0x66,0x0,0x6f,0x0,0x72,0x0,0x20,0x0,0x22,0x0,0x25,0x0,0x31,
  0x0,0x22,0x0,0x3a,0x0,0x20,0x0,0x25,0x0,0x32,0x3,0x0,0x0,0x0,0x44,0x0,
  0x25,0x0,0x6e,0x0,0x20,0x0,0x70,0x0,0x72,0x0,0x69,0x0,0x76,0x0,0x69,0x0,
  0x6c,0x0,0x65,0x0,0x67,0x0,0x65,0x0,0x73,0x0,0x20,0x0,0x6d,0x0,0x69,0x0,
  0x73,0x0,0x73,0x0,0x69,0x0,0x6e,0x0,0x67,0x0,0x20,0x0,0x66,0x0,0x6f,0x0,
  0x72,0x0,0x20,0x0,0x22,0x0,0x25,0x0,0x31,0x0,0x22,0x0,0x3a,0x0,0x20,0x0,
  0x25,0x0,0x32,0x8,0x0,0x0,0x0,0x0,0x6,0x0,0x0,0x0,0x2f,0x25,0x6e,0x20,
  0x70,0x72,0x69,0x76,0x69,0x6c,0xc3,0xa8,0x67,0x65,0x28,0x73,0x29,0x20,0x6d,0x61,
  0x6e,0x71,0x75,0x61,0x6e,0x74,0x28,0x73,0x29,0x20,0x70,0x6f,0x75,0x72,0x20,0xc2,
  0xab,0x20,0x25,0x31,0x20,0xc2,0xbb,0x20,0x3a,0x20,0x25,0x32,0x7,0x0,0x0,0x0,
  0xd,0x41,0x70,0x70,0x43,0x6f,0x6e,0x74,0x72,0x6f,0x6c,0x6c,0x65,0x72,0x1,0x3,
  0x0,0x0,0x0,0x22,0x0,0x28,0x0,0x75,0x0,0x6e,0x0,0x6b,0x0,0x6e,0x0,0x6f,
  0x0,0x77,0x0,0x6e,0x0,0x20,0x0,0x76,0x0,0x65,0x0,0x72,0x0,0x73,0x0,0x69,
  0x0,0x6f,0x0,0x6e,0x0,0x29,0x8,0x0,0x0,0x0,0x0,0x6,0x0,0x0,0x0,0x12,
  0x28,0x76,0x65,0x72,0x73,0x69,0x6f,0x6e,0x20,0x69,0x6e,0x63,0x6f,0x6e,0x6e,0x75,
  0x65,0x29,0x7,0x0,0x0,0x0,0xd,0x41,0x70,0x70,0x43,0x6f,0x6e,0x74,0x72,0x6f,
  0x6c,0x6c,0x65,0x72,0x1,0x3,0x0,0x0,0x0,0x48,0x0,0x46,0x0,0x75,0x0,0x6c,
  0x0,0x6c,0x0,0x20,0x0,0x44,0x0,0x69,0x0,0x73,0x0,0x6b,0x0,0x20,0x0,0x41,
  0x0,0x63,0x0,0x63,0x0,0x65,0x0,0x73,0x0,0x73,0x0,0x20,0x0,0x72,0x0,0x65,
  0x0,0x71,0x0,0x75,0x0,0x69,0x0,0x72,0x0,0x65,0x0,0x64,0x0,0x20,0x0,0x66,
  0x0,0x6f,0x0,0x72,0x0,0x20,0x0,0x6d,0x0,0x79,0x0,0x73,0x0,0x71,0x0,0x6c,
  0x0,0x64,0x8,0x0,0x0,0x0,0x0,0x6,0x0,0x0,0x0,0x2b,0x41,0x63,0x63,0xc3,
  0xa8,0x73,0x20,0x63,0x6f,0x6d,0x70,0x6c,0x65,0x74,0x20,0x61,0x75,0x20,0x64,0x69,
  0x73,0x71,0x75,0x65,0x20,0x72,0x65,0x71,0x75,0x69,0x73,0x20,0x70,0x6f,0x75,0x72,
  0x20,0x6d,0x79,0x73,0x71,0x6c,0x64,0x7,0x0,0x0,0x0,0xd,0x41,0x70,0x70,0x43,
  0x6f,0x6e,0x74,0x72,0x6f,0x6c,0x6c,0x65,0x72,0x1,0x3,0x0,0x0,0x0,0xc,0x0,
  0x43,0x0,0x61,0x0,0x6e,0x0,0x63,0x0,0x65,0x0,0x6c,0x8,0x0,0x0,0x0,0x0,
  0x6,0x0,0x0,0x0,0x7,0x41,0x6e,0x6e,0x75,0x6c,0x65,0x72,0x7,0x0,0x0,0x0,
  0xd,0x41,0x70,0x70,0x43,0x6f,0x6e,0x74,0x72,0x6f,0x6c,0x6c,0x65,0x72,0x1,0x3,
  0x0,0x0,0x0,0xf2,0x0,0x54,0x0,0x68,0x0,0x69,0x0,0x73,0x0,0x20,0x0,0x70,
  0x0,0x72,0x0,0x6f,0x0,0x67,0x0,0x72,0x0,0x61,0x0,0x6d,0x0,0x20,0x0,0x6d,
  0x0,0x75,0x0,0x73,0x0,0x74,0x0,0x20,0x0,0x62,0x0,0x65,0x0,0x20,0x0,0x72,
  0x0,0x75,0x0,0x6e,0x0,0x20,0x0,0x61,0x0,0x73,0x0,0x20,0x0,0x61,0x0,0x6e,
  0x0,0x20,0x0,0x61,0x0,0x64,0x0,0x6d,0x0,0x69,0x0,0x6e,0x0,0x69,0x0,0x73,
  0x0,0x74,0x0,0x72,0x0,0x61,0x0,0x74,0x0,0x6f,0x0,0x72,0x0,0x2e,0x0,0xa,
  0x0,0xa,0x0,0x52,0x0,0x69,0x0,0x67,0x0,0x68,0x0,0x74,0x0,0x2d,0x0,0x63,
  0x0,0x6c,0x0,0x69,0x0,0x63,0x0,0x6b,0x0,0x20,0x0,0x74,0x0,0x68,0x0,0x65,
  0x0,0x20,0x0,0x61,0x0,0x70,0x0,0x70,0x0,0x6c,0x0,0x69,0x0,0x63,0x0,0x61,
  0x0,0x74,0x0,0x69,0x0,0x6f,0x0,0x6e,0x0,0x2c,0x0,0x20,0x0,0x63,0x0,0x68,
  0x0,0x6f,0x0,0x6f,0x0,0x73,0x0,0x65,0x0,0x20,0x0,0x22,0x0,0x52,0x0,0x75,
  0x0,0x6e,0x0,0x20,0x0,0x61,0x0,0x73,0x0,0x20,0x0,0x61,0x0,0x64,0x0,0x6d,
  0x0,0x69,0x0,0x6e,0x0,0x69,0x0,0x73,0x0,0x74,0x0,0x72,0x0,0x61,0x0,0x74,
  0x0,0x6f,0x0,0x72,0x0,0x22,0x0,0x2c,0x0,0x20,0x0,0x74,0x0,0x68,0x0,0x65,
  0x0,0x6e,0x0,0x20,0x0,0x72,0x0,0x65,0x0,0x6c,0x0,0x61,0x0,0x75,0x0,0x6e,
  0x0,0x63,0x0,0x68,0x0,0x2e,0x8,0x0,0x0,0x0,0x0,0x6,0x0,0x0,0x0,0xa1,
  0x43,0x65,0x20,0x70,0x72,0x6f,0x67,0x72,0x61,0x6d,0x6d,0x65,0x20,0x64,0x6f,0x69,
  0x74,0x20,0xc3,0xaa,0x74,0x72,0x65,0x20,0x65,0x78,0xc3,0xa9,0x63,0x75,0x74,0xc3,
  0xa9,0x20,0x65,0x6e,0x20,0x74,0x61,0x6e,0x74,0x20,0x71,0x75,0x27,0x61,0x64,0x6d,
  0x69,0x6e,0x69,0x73,0x74,0x72,0x61,0x74,0x65,0x75,0x72,0x2e,0xa,0xa,0x46,0x61,
  0x69,0x74,0x65,0x73,0x20,0x75,0x6e,0x20,0x63,0x6c,0x69,0x63,0x20,0x64,0x72,0x6f,
  0x69,0x74,0x20,0x73,0x75,0x72,0x20,0x6c,0x27,0x61,0x70,0x70,0x6c,0x69,0x63,0x61,
  0x74,0x69,0x6f,0x6e,0x20,0x70,0x75,0x69,0x73,0x20,0xc2,0xab,0x20,0x45,0x78,0xc3,
  0xa9,0x63,0x75,0x74,0x65,0x72,0x20,0x65,0x6e,0x20,0x74,0x61,0x6e,0x74,0x20,0x71,
  0x75,0x27,0x61,0x64,0x6d,0x69,0x6e,0x69,0x73,0x74,0x72,0x61,0x74,0x65,0x75,0x72,
  0x20,0xc2,0xbb,0x2c,0x20,0x65,0x74,0x20,0x72,0x65,0x6c,0x61,0x6e,0x63,0x65,0x7a,
  0x2e,0x7,0x0,0x0,0x0,0xd,0x41,0x70,0x70,0x43,0x6f,0x6e,0x74,0x72,0x6f,0x6c,
  0x6c,0x65,0x72,0x1,0x3,0x0,0x0,0x1,0x2c,0x0,0x54,0x0,0x68,0x0,0x69,0x0,
  0x73,0x0,0x20,0x0,0x70,0x0,0x72,0x0,0x6f,0x0,0x67,0x0,0x72,0x0,0x61,0x0,
  0x6d,0x0,0x20,0x0,0x6d,0x0,0x75,0x0,0x73,0x0,0x74,0x0,0x20,0x0,0x62,0x0,
  0x65,0x0,0x20,0x0,0x6c,0x0,0x61,0x0,0x75,0x0,0x6e,0x0,0x63,0x0,0x68,0x0,
  0x65,0x0,0x64,0x0,0x20,0x0,0x62,0x0,0x79,0x0,0x20,0x0,0x61,0x0,0x20,0x0,
  0x6d,0x0,0x61,0x0,0x63,0x0,0x4f,0x0,0x53,0x0,0x20,0x0,0x61,0x0,0x64,0x0,
  0x6d,0x0,0x69,0x0,0x6e,0x0,0x69,0x0,0x73,0x0,0x74,0x0,0x72,0x0,0x61,0x0,
  0x74,0x0,0x6f,0x0,0x72,0x0,0x20,0x0,0x75,0x0,0x73,0x0,0x65,0x0,0x72,0x0,
  0x2e,0x0,0xa,0x0,0xa,0x0,0x4c,0x0,0x6f,0x0,0x67,0x0,0x20,0x0,0x69,0x0,
  0x6e,0x0,0x20,0x0,0x77,0x0,0x69,0x0,0x74,0x0,0x68,0x0,0x20,0x0,0x61,0x0,
  0x6e,0x0,0x20,0x0,0x61,0x0,0x64,0x0,0x6d,0x0,0x69,0x0,0x6e,0x0,0x69,0x0,
  0x73,0x0,0x74,0x0,0x72,0x0,0x61,0x0,0x74,0x0,0x6f,0x0,0x72,0x0,0x20,0x0,
  0x61,0x0,0x63,0x0,0x63,0x0,0x6f,0x0,0x75,0x0,0x6e,0x0,0x74,0x0,0x20,0x0,
  0x28,0x0,0x6f,0x0,0x72,0x0,0x20,0x0,0x61,0x0,0x73,0x0,0x6b,0x0,0x20,0x0,
  0x61,0x0,0x6e,0x0,0x20,0x0,0x61,0x0,0x64,0x0,0x6d,0x0,0x69,0x0,0x6e,0x0,
  0x69,0x0,0x73,0x0,0x74,0x0,0x72,0x0,0x61,0x0,0x74,0x0,0x6f,0x0,0x72,0x0,
  0x20,0x0,0x74,0x0,0x6f,0x0,0x20,0x0,0x72,0x0,0x75,0x0,0x6e,0x0,0x20,0x0,
  0x69,0x0,0x74,0x0,0x29,0x0,0x2c,0x0,0x20,0x0,0x74,0x0,0x68,0x0,0x65,0x0,
  0x6e,0x0,0x20,0x0,0x72,0x0,0x65,0x0,0x6c,0x0,0x61,0x0,0x75,0x0,0x6e,0x0,
  0x63,0x0,0x68,0x0,0x2e,0x8,0x0,0x0,0x0,0x0,0x6,0x0,0x0,0x0,0xba,0x43,
  0x65,0x20,0x70,0x72,0x6f,0x67,0x72,0x61,0x6d,0x6d,0x65,0x20,0x64,0x6f,0x69,0x74,
  0x20,0xc3,0xaa,0x74,0x72,0x65,0x20,0x6c,0x61,0x6e,0x63,0xc3,0xa9,0x20,0x70,0x61,
  0x72,0x20,0x75,0x6e,0x20,0x75,0x74,0x69,0x6c,0x69,0x73,0x61,0x74,0x65,0x75,0x72,
  0x20,0x61,0x64,0x6d,0x69,0x6e,0x69,0x73,0x74,0x72,0x61,0x74,0x65,0x75,0x72,0x20,
  0x64,0x65,0x20,0x6d,0x61,0x63,0x4f,0x53,0x2e,0xa,0xa,0x43,0x6f,0x6e,0x6e,0x65,
  0x63,0x74,0x65,0x7a,0x2d,0x76,0x6f,0x75,0x73,0x20,0x61,0x76,0x65,0x63,0x20,0x75,
  0x6e,0x20,0x63,0x6f,0x6d,0x70,0x74,0x65,0x20,0x61,0x64,0x6d,0x69,0x6e,0x69,0x73,
  0x74,0x72,0x61,0x74,0x65,0x75,0x72,0x20,0x28,0x6f,0x75,0x20,0x64,0x65,0x6d,0x61,
  0x6e,0x64,0x65,0x7a,0x20,0xc3,0xa0,0x20,0x75,0x6e,0x20,0x61,0x64,0x6d,0x69,0x6e,
  0x69,0x73,0x74,0x72,0x61,0x74,0x65,0x75,0x72,0x20,0x64,0x65,0x20,0x6c,0x27,0x65,
  0x78,0xc3,0xa9,0x63,0x75,0x74,0x65,0x72,0x29,0x2c,0x20,0x70,0x75,0x69,0x73,0x20,
  0x72,0x65,0x6c,0x61,0x6e,0x63,0x65,0x7a,0x2e,0x7,0x0,0x0,0x0,0xd,0x41,0x70,
  0x70,0x43,0x6f,0x6e,0x74,0x72,0x6f,0x6c,0x6c,0x65,0x72,0x1,0x3,0x0,0x0,0x0,
  0x74,0x0,0x54,0x0,0x68,0x0,0x69,0x0,0x73,0x0,0x20,0x0,0x70,0x0,0x72,0x0,
  0x6f,0x0,0x67,0x0,0x72,0x0,0x61,0x0,0x6d,0x0,0x20,0x0,0x72,0x0,0x65,0x0,
  0x71,0x0,0x75,0x0,0x69,0x0,0x72,0x0,0x65,0x0,0x73,0x0,0x20,0x0,0x61,0x0,
  0x6e,0x0,0x20,0x0,0x55,0x0,0x62,0x0,0x75,0x0,0x6e,0x0,0x74,0x0,0x75,0x0,
  0x20,0x0,0x76,0x0,0x65,0x0,0x72,0x0,0x73,0x0,0x69,0x0,0x6f,0x0,0x6e,0x0,
  0x20,0x0,0x68,0x0,0x69,0x0,0x67,0x0,0x68,0x0,0x65,0x0,0x72,0x0,0x20,0x0,
  0x74,0x0,0x68,0x0,0x61,0x0,0x6e,0x0,0x20,0x0,0x32,0x0,0x32,0x0,0x2e,0x0,
  0x30,0x0,0x34,0x0,0x2e,0x8,0x0,0x0,0x0,0x0,0x6,0x0,0x0,0x0,0x45,0x43,
  0x65,0x20,0x70,0x72,0x6f,0x67,0x72,0x61,0x6d,0x6d,0x65,0x20,0x6e,0xc3,0xa9,0x63,
  0x65,0x73,0x73,0x69,0x74,0x65,0x20,0x55,0x62,0x75,0x6e,0x74,0x75,0x20,0x64,0x61,
  0x6e,0x73,0x20,0x75,0x6e,0x65,0x20,0x76,0x65,0x72,0x73,0x69,0x6f,0x6e,0x20,0x73,
  0x75,0x70,0xc3,0xa9,0x72,0x69,0x65,0x75,0x72,0x65,0x20,0xc3,0xa0,0x20,0x32,0x32,
  0x2e,0x30,0x34,0x2e,0x7,0x0,0x0,0x0,0xd,0x41,0x70,0x70,0x43,0x6f,0x6e,0x74,
  0x72,0x6f,0x6c,0x6c,0x65,0x72,0x1,0x3,0x0,0x0,0x0,0x80,0x0,0x55,0x0,0x6e,
  0x0,0x61,0x0,0x62,0x0,0x6c,0x0,0x65,0x0,0x20,0x0,0x74,0x0,0x6f,0x0,0x20,
  0x0,0x63,0x0,0x6f,0x0,0x6e,0x0,0x6e,0x0,0x65,0x0,0x63,0x0,0x74,0x0,0x20,
  0x0,0x77,0x0,0x69,0x0,0x74,0x0,0x68,0x0,0x20,0x0,0x6c,0x0,0x6f,0x0,0x67,
  0x0,0x69,0x0,0x6e,0x0,0x20,0x0,0x22,0x0,0x25,0x0,0x31,0x0,0x22,0x0,0x2e,
  0x0,0xa,0x0,0x43,0x0,0x68,0x0,0x65,0x0,0x63,0x0,0x6b,0x0,0x20,0x0,0x74,
  0x0,0x68,0x0,0x65,0x0,0x20,0x0,0x6c,0x0,0x6f,0x0,0x67,0x0,0x69,0x0,0x6e,
  0x0,0x20,0x0,0x61,0x0,0x6e,0x0,0x64,0x0,0x20,0x0,0x70,0x0,0x61,0x0,0x73,
  0x0,0x73,0x0,0x77,0x0,0x6f,0x0,0x72,0x0,0x64,0x0,0x2e,0x8,0x0,0x0,0x0,
  0x0,0x6,0x0,0x0,0x0,0x53,0x43,0x6f,0x6e,0x6e,0x65,0x78,0x69,0x6f,0x6e,0x20,
  0x69,0x6d,0x70,0x6f,0x73,0x73,0x69,0x62,0x6c,0x65,0x20,0x61,0x76,0x65,0x63,0x20,
  0x6c,0x65,0x20,0x6c,0x6f,0x67,0x69,0x6e,0x20,0xc2,0xab,0x20,0x25,0x31,0x20,0xc2,
  0xbb,0x2e,0xa,0x56,0xc3,0xa9,0x72,0x69,0x66,0x69,0x65,0x7a,0x20,0x6c,0x65,0x20,
  0x6c,0x6f,0x67,0x69,0x6e,0x20,0x65,0x74,0x20,0x6c,0x65,0x20,0x6d,0x6f,0x74,0x20,
  0x64,0x65,0x20,0x70,0x61,0x73,0x73,0x65,0x2e,0x7,0x0,0x0,0x0,0xd,0x41,0x70,
  0x70,0x43,0x6f,0x6e,0x74,0x72,0x6f,0x6c,0x6c,0x65,0x72,0x1,0x3,0x0,0x0,0x0,
  0x42,0x0,0x41,0x0,0x64,0x0,0x6d,0x0,0x69,0x0,0x6e,0x0,0x69,0x0,0x73,0x0,
  0x74,0x0,0x72,0x0,0x61,0x0,0x74,0x0,0x6f,0x0,0x72,0x0,0x20,0x0,0x70,0x0,
  0x72,0x0,0x69,0x0,0x76,0x0,0x69,0x0,0x6c,0x0,0x65,0x0,0x67,0x0,0x65,0x0,
  0x73,0x0,0x20,0x0,0x72,0x0,0x65,0x0,0x71,0x0,0x75,0x0,0x69,0x0,0x72,0x0,
  0x65,0x0,0x64,0x8,0x0,0x0,0x0,0x0,0x6,0x0,0x0,0x0,0x1c,0x44,0x72,0x6f,
  0x69,0x74,0x73,0x20,0x61,0x64,0x6d,0x69,0x6e,0x69,0x73,0x74,0x72,0x61,0x74,0x65,
  0x75,0x72,0x20,0x72,0x65,0x71,0x75,0x69,0x73,0x7,0x0,0x0,0x0,0xd,0x41,0x70,
  0x70,0x43,0x6f,0x6e,0x74,0x72,0x6f,0x6c,0x6c,0x65,0x72,0x1,0x3,0x0,0x0,0x0,
  0x24,0x0,0x49,0x0,0x6e,0x0,0x73,0x0,0x74,0x0,0x61,0x0,0x6c,0x0,0x6c,0x0,
  0x61,0x0,0x74,0x0,0x69,0x0,0x6f,0x0,0x6e,0x0,0x20,0x0,0x45,0x0,0x72,0x0,
  0x72,0x0,0x6f,0x0,0x72,0x8,0x0,0x0,0x0,0x0,0x6,0x0,0x0,0x0,0x15,0x45,
  0x72,0x72,0x65,0x75,0x72,0x20,0x64,0x27,0x69,0x6e,0x73,0x74,0x61,0x6c,0x6c,0x61,
  0x74,0x69,0x6f,0x6e,0x7,0x0,0x0,0x0,0xd,0x41,0x70,0x70,0x43,0x6f,0x6e,0x74,
  0x72,0x6f,0x6c,0x6c,0x65,0x72,0x1,0x3,0x0,0x0,0x0,0x64,0x0,0x55,0x0,0x6e,
  0x0,0x61,0x0,0x62,0x0,0x6c,0x0,0x65,0x0,0x20,0x0,0x74,0x0,0x6f,0x0,0x20,
  0x0,0x61,0x0,0x64,0x0,0x64,0x0,0x20,0x0,0x74,0x0,0x68,0x0,0x65,0x0,0x20,
  0x0,0x6d,0x0,0x79,0x0,0x73,0x0,0x71,0x0,0x6c,0x0,0x20,0x0,0x70,0x0,0x61,
  0x0,0x74,0x0,0x68,0x0,0x20,0x0,0x74,0x0,0x6f,0x0,0x20,0x0,0x74,0x0,0x68,
  0x0,0x65,0x0,0x20,0x0,0x50,0x0,0x41,0x0,0x54,0x0,0x48,0x0,0x20,0x0,0x76,
  0x0,0x61,0x0,0x72,0x0,0x69,0x0,0x61,0x0,0x62,0x0,0x6c,0x0,0x65,0x0,0x2e,
  0x8,0x0,0x0,0x0,0x0,0x6,0x0,0x0,0x0,0x3c,0x49,0x6d,0x70,0x6f,0x73,0x73,
  0x69,0x62,0x6c,0x65,0x20,0x64,0x27,0x61,0x6a,0x6f,0x75,0x74,0x65,0x72,0x20,0x6c,
  0x65,0x20,0x63,0x68,0x65,0x6d,0x69,0x6e,0x20,0x64,0x65,0x20,0x6d,0x79,0x73,0x71,
  0x6c,0x20,0xc3,0xa0,0x20,0x6c,0x61,0x20,0x76,0x61,0x72,0x69,0x61,0x62,0x6c,0x65,
  0x20,0x50,0x41,0x54,0x48,0x2e,0x7,0x0,0x0,0x0,0xd,0x41,0x70,0x70,0x43,0x6f,
  0x6e,0x74,0x72,0x6f,0x6c,0x6c,0x65,0x72,0x1,0x3,0x0,0x0,0x0,0x4a,0x0,0x55,
  0x0,0x6e,0x0,0x61,0x0,0x62,0x0,0x6c,0x0,0x65,0x0,0x20,0x0,0x74,0x0,0x6f,
  0x0,0x20,0x0,0x73,0x0,0x65,0x0,0x74,0x0,0x20,0x0,0x73,0x0,0x65,0x0,0x63,
  0x0,0x75,0x0,0x72,0x0,0x65,0x0,0x5f,0x0,0x66,0x0,0x69,0x0,0x6c,0x0,0x65,
  0x0,0x5f,0x0,0x70,0x0,0x72,0x0,0x69,0x0,0x76,0x0,0x20,0x0,0x74,0x0,0x6f,
  0x0,0x20,0x0,0x25,0x0,0x31,0x0,0x2e,0x8,0x0,0x0,0x0,0x0,0x6,0x0,0x0,
  0x0,0x31,0x49,0x6d,0x70,0x6f,0x73,0x73,0x69,0x62,0x6c,0x65,0x20,0x64,0x65,0x20,
  0x63,0x6f,0x6e,0x66,0x69,0x67,0x75,0x72,0x65,0x72,0x20,0x73,0x65,0x63,0x75,0x72,
  0x65,0x5f,0x66,0x69,0x6c,0x65,0x5f,0x70,0x72,0x69,0x76,0x20,0x73,0x75,0x72,0x20,
  0x25,0x31,0x2e,0x7,0x0,0x0,0x0,0xd,0x41,0x70,0x70,0x43,0x6f,0x6e,0x74,0x72,
  0x6f,0x6c,0x6c,0x65,0x72,0x1,0x3,0x0,0x0,0x0,0x36,0x0,0x55,0x0,0x6e,0x0,
  0x61,0x0,0x62,0x0,0x6c,0x0,0x65,0x0,0x20,0x0,0x74,0x0,0x6f,0x0,0x20,0x0,
  0x63,0x0,0x72,0x0,0x65,0x0,0x61,0x0,0x74,0x0,0x65,0x0,0x20,0x0,0x75,0x0,
  0x73,0x0,0x65,0x0,0x72,0x0,0x20,0x0,0x27,0x0,0x25,0x0,0x31,0x0,0x27,0x0,
  0x2e,0x8,0x0,0x0,0x0,0x0,0x6,0x0,0x0,0x0,0x28,0x49,0x6d,0x70,0x6f,0x73,
  0x73,0x69,0x62,0x6c,0x65,0x20,0x64,0x65,0x20,0x63,0x72,0xc3,0xa9,0x65,0x72,0x20,
  0x6c,0x27,0x75,0x74,0x69,0x6c,0x69,0x73,0x61,0x74,0x65,0x75,0x72,0x20,0x27,0x25,
  0x31,0x27,0x2e,0x7,0x0,0x0,0x0,0xd,0x41,0x70,0x70,0x43,0x6f,0x6e,0x74,0x72,
  0x6f,0x6c,0x6c,0x65,0x72,0x1,0x3,0x0,0x0,0x0,0x50,0x0,0x55,0x0,0x6e,0x0,
  0x61,0x0,0x62,0x0,0x6c,0x0,0x65,0x0,0x20,0x0,0x74,0x0,0x6f,0x0,0x20,0x0,
  0x63,0x0,0x72,0x0,0x65,0x0,0x61,0x0,0x74,0x0,0x65,0x0,0x20,0x0,0x6f,0x0,
  0x72,0x0,0x20,0x0,0x73,0x0,0x68,0x0,0x61,0x0,0x72,0x0,0x65,0x0,0x20,0x0,
  0x74,0x0,0x68,0x0,0x65,0x0,0x20,0x0,0x66,0x0,0x6f,0x0,0x6c,0x0,0x64,0x0,
  0x65,0x0,0x72,0x0,0x20,0x0,0x25,0x0,0x31,0x0,0x2e,0x8,0x0,0x0,0x0,0x0,
  0x6,0x0,0x0,0x0,0x32,0x49,0x6d,0x70,0x6f,0x73,0x73,0x69,0x62,0x6c,0x65,0x20,
  0x64,0x65,0x20,0x63,0x72,0xc3,0xa9,0x65,0x72,0x20,0x6f,0x75,0x20,0x64,0x65,0x20,
  0x70,0x61,0x72,0x74,0x61,0x67,0x65,0x72,0x20,0x6c,0x65,0x20,0x64,0x6f,0x73,0x73,
  0x69,0x65,0x72,0x20,0x25,0x31,0x2e,0x7,0x0,0x0,0x0,0xd,0x41,0x70,0x70,0x43,
  0x6f,0x6e,0x74,0x72,0x6f,0x6c,0x6c,0x65,0x72,0x1,0x3,0x0,0x0,0x0,0x98,0x0,
  0x49,0x0,0x6e,0x0,0x73,0x0,0x74,0x0,0x61,0x0,0x6c,0x0,0x6c,0x0,0x69,0x0,
  0x6e,0x0,0x67,0x0,0x20,0x0,0x4d,0x0,0x79,0x0,0x53,0x0,0x51,0x0,0x4c,0x0,
  0x20,0x0,0x38,0x0,0x2e,0x0,0x34,0x0,0x2e,0x0,0x33,0x20,0x26,0x0,0xa,0x0,
  0x28,0x0,0x41,0x0,0x75,0x0,0x74,0x0,0x68,0x0,0x6f,0x0,0x72,0x0,0x69,0x0,
  0x7a,0x0,0x65,0x0,0x20,0x0,0x74,0x0,0x68,0x0,0x65,0x0,0x20,0x0,0x6f,0x0,
  0x70,0x0,0x65,0x0,0x72,0x0,0x61,0x0,0x74,0x0,0x69,0x0,0x6f,0x0,0x6e,0x0,
  0x20,0x0,0x69,0x0,0x6e,0x0,0x20,0x0,0x74,0x0,0x68,0x0,0x65,0x0,0x20,0x0,
  0x77,0x0,0x69,0x0,0x6e,0x0,0x64,0x0,0x6f,0x0,0x77,0x0,0x20,0x0,0x74,0x0,
  0x68,0x0,0x61,0x0,0x74,0x0,0x20,0x0,0x61,0x0,0x70,0x0,0x70,0x0,0x65,0x0,
  0x61,0x0,0x72,0x0,0x73,0x0,0x29,0x8,0x0,0x0,0x0,0x0,0x6,0x0,0x0,0x0,
  0x5f,0x49,0x6e,0x73,0x74,0x61,0x6c,0x6c,0x61,0x74,0x69,0x6f,0x6e,0x20,0x64,0x65,
  0x20,0x4d,0x79,0x53,0x51,0x4c,0x20,0x38,0x2e,0x34,0x2e,0x33,0x20,0x65,0x6e,0x20,
  0x63,0x6f,0x75,0x72,0x73,0xe2,0x80,0xa6,0xa,0x28,0x41,0x75,0x74,0x6f,0x72,0x69,
  0x73,0x65,0x7a,0x20,0x6c,0x27,0x6f,0x70,0xc3,0xa9,0x72,0x61,0x74,0x69,0x6f,0x6e,
  0x20,0x64,0x61,0x6e,0x73,0x20,0x6c,0x61,0x20,0x66,0x65,0x6e,0xc3,0xaa,0x74,0x72,
  0x65,0x20,0x71,0x75,0x69,0x20,0x73,0x27,0x61,0x66,0x66,0x69,0x63,0x68,0x65,0x29,
  0x7,0x0,0x0,0x0,0xd,0x41,0x70,0x70,0x43,0x6f,0x6e,0x74,0x72,0x6f,0x6c,0x6c,
  0x65,0x72,0x1,0x3,0x0,0x0,0x0,0x2e,0x0,0x49,0x0,0x6e,0x0,0x73,0x0,0x74,
  0x0,0x61,0x0,0x6c,0x0,0x6c,0x0,0x69,0x0,0x6e,0x0,0x67,0x0,0x20,0x0,0x4d,
  0x0,0x79,0x0,0x53,0x0,0x51,0x0,0x4c,0x0,0x20,0x0,0x38,0x0,0x2e,0x0,0x34,
  0x0,0x2e,0x0,0x33,0x20,0x26,0x8,0x0,0x0,0x0,0x0,0x6,0x0,0x0,0x0,0x1e,
  0x49,0x6e,0x73,0x74,0x61,0x6c,0x6c,0x61,0x74,0x69,0x6f,0x6e,0x20,0x64,0x65,0x20,
  0x4d,0x79,0x53,0x51,0x4c,0x20,0x38,0x2e,0x34,0x2e,0x33,0xe2,0x80,0xa6,0x7,0x0,
  0x0,0x0,0xd,0x41,0x70,0x70,0x43,0x6f,0x6e,0x74,0x72,0x6f,0x6c,0x6c,0x65,0x72,
  0x1,0x3,0x0,0x0,0x0,0x3a,0x0,0x49,0x0,0x6e,0x0,0x73,0x0,0x74,0x0,0x61,
  0x0,0x6c,0x0,0x6c,0x0,0x69,0x0,0x6e,0x0,0x67,0x0,0x20,0x0,0x4d,0x0,0x79,
  0x0,0x53,0x0,0x51,0x0,0x4c,0x0,0x20,0x0,0x76,0x0,0x69,0x0,0x61,0x0,0x20,
  0x0,0x61,0x0,0x70,0x0,0x74,0x0,0x2d,0x0,0x67,0x0,0x65,0x0,0x74,0x20,0x26,
  0x8,0x0,0x0,0x0,0x0,0x6,0x0,0x0,0x0,0x24,0x49,0x6e,0x73,0x74,0x61,0x6c,
  0x6c,0x61,0x74,0x69,0x6f,0x6e,0x20,0x64,0x65,0x20,0x4d,0x79,0x53,0x51,0x4c,0x20,
  0x76,0x69,0x61,0x20,0x61,0x70,0x74,0x2d,0x67,0x65,0x74,0xe2,0x80,0xa6,0x7,0x0,
  0x0,0x0,0xd,0x41,0x70,0x70,0x43,0x6f,0x6e,0x74,0x72,0x6f,0x6c,0x6c,0x65,0x72,
  0x1,0x3,0x0,0x0,0x0,0x56,0x0,0x49,0x0,0x6e,0x0,0x73,0x0,0x74,0x0,0x61,
  0x0,0x6c,0x0,0x6c,0x0,0x69,0x0,0x6e,0x0,0x67,0x0,0x20,0x0,0x56,0x0,0x69,
  0x0,0x73,0x0,0x75,0x0,0x61,0x0,0x6c,0x0,0x20,0x0,0x43,0x0,0x2b,0x0,0x2b,
  0x0,0x20,0x0,0x52,0x0,0x65,0x0,0x64,0x0,0x69,0x0,0x73,0x0,0x74,0x0,0x72,
  0x0,0x69,0x0,0x62,0x0,0x75,0x0,0x74,0x0,0x61,0x0,0x62,0x0,0x6c,0x0,0x65,
  0x0,0x20,0x0,0x32,0x0,0x30,0x0,0x32,0x0,0x32,0x20,0x26,0x8,0x0,0x0,0x0,
  0x0,0x6,0x0,0x0,0x0,0x32,0x49,0x6e,0x73,0x74,0x61,0x6c,0x6c,0x61,0x74,0x69,
  0x6f,0x6e,0x20,0x64,0x65,0x20,0x56,0x69,0x73,0x75,0x61,0x6c,0x20,0x43,0x2b,0x2b,
  0x20,0x52,0x65,0x64,0x69,0x73,0x74,0x72,0x69,0x62,0x75,0x74,0x61,0x62,0x6c,0x65,
  0x20,0x32,0x30,0x32,0x32,0xe2,0x80,0xa6,0x7,0x0,0x0,0x0,0xd,0x41,0x70,0x70,
  0x43,0x6f,0x6e,0x74,0x72,0x6f,0x6c,0x6c,0x65,0x72,0x1,0x3,0x0,0x0,0x0,0xdc,
  0x0,0x49,0x0,0x6e,0x0,0x73,0x0,0x74,0x0,0x61,0x0,0x6c,0x0,0x6c,0x0,0x61,
  0x0,0x74,0x0,0x69,0x0,0x6f,0x0,0x6e,0x0,0x20,0x0,0x6f,0x0,0x66,0x0,0x20,
  0x0,0x4d,0x0,0x69,0x0,0x63,0x0,0x72,0x0,0x6f,0x0,0x73,0x0,0x6f,0x0,0x66,
  0x0,0x74,0x0,0x20,0x0,0x56,0x0,0x69,0x0,0x73,0x0,0x75,0x0,0x61,0x0,0x6c,
  0x0,0x20,0x0,0x43,0x0,0x2b,0x0,0x2b,0x0,0x20,0x0,0x52,0x0,0x65,0x0,0x64,
  0x0,0x69,0x0,0x73,0x0,0x74,0x0,0x72,0x0,0x69,0x0,0x62,0x0,0x75,0x0,0x74,
  0x0,0x61,0x0,0x62,0x0,0x6c,0x0,0x65,0x0,0x20,0x0,0x32,0x0,0x30,0x0,0x32,
  0x0,0x32,0x0,0x20,0x0,0x66,0x0,0x61,0x0,0x69,0x0,0x6c,0x0,0x65,0x0,0x64,
  0x0,0x2e,0x0,0xa,0x0,0x43,0x0,0x68,0x0,0x65,0x0,0x63,0x0,0x6b,0x0,0x20,
  0x0,0x79,0x0,0x6f,0x0,0x75,0x0,0x72,0x0,0x20,0x0,0x49,0x0,0x6e,0x0,0x74,
  0x0,0x65,0x0,0x72,0x0,0x6e,0x0,0x65,0x0,0x74,0x0,0x20,0x0,0x63,0x0,0x6f,
  0x0,0x6e,0x0,0x6e,0x0,0x65,0x0,0x63,0x0,0x74,0x0,0x69,0x0,0x6f,0x0,0x6e,
  0x0,0x20,0x0,0x61,0x0,0x6e,0x0,0x64,0x0,0x20,0x0,0x72,0x0,0x65,0x0,0x6c,
  0x0,0x61,0x0,0x75,0x0,0x6e,0x0,0x63,0x0,0x68,0x0,0x2e,0x8,0x0,0x0,0x0,
  0x0,0x6,0x0,0x0,0x0,0x77,0x4c,0x27,0x69,0x6e,0x73,0x74,0x61,0x6c,0x6c,0x61,
  0x74,0x69,0x6f,0x6e,0x20,0x64,0x65,0x20,0x4d,0x69,0x63,0x72,0x6f,0x73,0x6f,0x66,
  0x74,0x20,0x56,0x69,0x73,0x75,0x61,0x6c,0x20,0x43,0x2b,0x2b,0x20,0x52,0x65,0x64,
  0x69,0x73,0x74,0x72,0x69,0x62,0x75,0x74,0x61,0x62,0x6c,0x65,0x20,0x32,0x30,0x32,
  0x32,0x20,0x61,0x20,0xc3,0xa9,0x63,0x68,0x6f,0x75,0xc3,0xa9,0x2e,0xa,0x56,0xc3,
  0xa9,0x72,0x69,0x66,0x69,0x65,0x7a,0x20,0x76,0x6f,0x74,0x72,0x65,0x20,0x63,0x6f,
  0x6e,0x6e,0x65,0x78,0x69,0x6f,0x6e,0x20,0x49,0x6e,0x74,0x65,0x72,0x6e,0x65,0x74,
  0x20,0x65,0x74,0x20,0x72,0x65,0x6c,0x61,0x6e,0x63,0x65,0x7a,0x2e,0x7,0x0,0x0,
  0x0,0xd,0x41,0x70,0x70,0x43,0x6f,0x6e,0x74,0x72,0x6f,0x6c,0x6c,0x65,0x72,0x1,
  0x3,0x0,0x0,0x0,0xc4,0x0,0x4d,0x0,0x79,0x0,0x53,0x0,0x51,0x0,0x4c,0x0,
  0x20,0x0,0x38,0x0,0x2e,0x0,0x34,0x0,0x2e,0x0,0x33,0x0,0x20,0x0,0x69,0x0,
  0x6e,0x0,0x73,0x0,0x74,0x0,0x61,0x0,0x6c,0x0,0x6c,0x0,0x61,0x0,0x74,0x0,
  0x69,0x0,0x6f,0x0,0x6e,0x0,0x20,0x0,0x6f,0x0,0x72,0x0,0x20,0x0,0x75,0x0,
  0x70,0x0,0x64,0x0,0x61,0x0,0x74,0x0,0x65,0x0,0x20,0x0,0x66,0x0,0x61,0x0,
  0x69,0x0,0x6c,0x0,0x65,0x0,0x64,0x0,0x2e,0x0,0xa,0x0,0x43,0x0,0x68,0x0,
  0x65,0x0,0x63,0x0,0x6b,0x0,0x20,0x0,0x79,0x0,0x6f,0x0,0x75,0x0,0x72,0x0,
  0x20,0x0,0x49,0x0,0x6e,0x0,0x74,0x0,0x65,0x0,0x72,0x0,0x6e,0x0,0x65,0x0,
  0x74,0x0,0x20,0x0,0x63,0x0,0x6f,0x0,0x6e,0x0,0x6e,0x0,0x65,0x0,0x63,0x0,
  0x74,0x0,0x69,0x0,0x6f,0x0,0x6e,0x0,0x20,0x0,0x61,0x0,0x6e,0x0,0x64,0x0,
  0x20,0x0,0x72,0x0,0x65,0x0,0x73,0x0,0x74,0x0,0x61,0x0,0x72,0x0,0x74,0x0,
  0x20,0x0,0x74,0x0,0x68,0x0,0x65,0x0,0x20,0x0,0x70,0x0,0x72,0x0,0x6f,0x0,
  0x67,0x0,0x72,0x0,0x61,0x0,0x6d,0x0,0x2e,0x8,0x0,0x0,0x0,0x0,0x6,0x0,
  0x0,0x0,0x79,0x4c,0x27,0x69,0x6e,0x73,0x74,0x61,0x6c,0x6c,0x61,0x74,0x69,0x6f,
  0x6e,0x20,0x6f,0x75,0x20,0x6c,0x61,0x20,0x6d,0x69,0x73,0x65,0x20,0xc3,0xa0,0x20,
  0x6a,0x6f,0x75,0x72,0x20,0x64,0x65,0x20,0x4d,0x79,0x53,0x51,0x4c,0x20,0x38,0x2e,
  0x34,0x2e,0x33,0x20,0x61,0x20,0xc3,0xa9,0x63,0x68,0x6f,0x75,0xc3,0xa9,0x2e,0xa,
  0x56,0xc3,0xa9,0x72,0x69,0x66,0x69,0x65,0x7a,0x20,0x76,0x6f,0x74,0x72,0x65,0x20,
  0x63,0x6f,0x6e,0x6e,0x65,0x78,0x69,0x6f,0x6e,0x20,0x49,0x6e,0x74,0x65,0x72,0x6e,
  0x65,0x74,0x20,0x65,0x74,0x20,0x72,0x65,0x6c,0x61,0x6e,0x63,0x65,0x7a,0x20,0x6c,
  0x65,0x20,0x70,0x72,0x6f,0x67,0x72,0x61,0x6d,0x6d,0x65,0x2e,0x7,0x0,0x0,0x0,
  0xd,0x41,0x70,0x70,0x43,0x6f,0x6e,0x74,0x72,0x6f,0x6c,0x6c,0x65,0x72,0x1,0x3,
  0x0,0x0,0x0,0xbc,0x0,0x4d,0x0,0x79,0x0,0x53,0x0,0x51,0x0,0x4c,0x0,0x20,
  0x0,0x63,0x0,0x6f,0x0,0x6e,0x0,0x66,0x0,0x69,0x0,0x67,0x0,0x75,0x0,0x72,
  0x0,0x61,0x0,0x74,0x0,0x69,0x0,0x6f,0x0,0x6e,0x0,0x20,0x0,0x66,0x0,0x6f,
  0x0,0x72,0x0,0x20,0x0,0x52,0x0,0x75,0x0,0x66,0x0,0x75,0x0,0x73,0x0,0x20,
  0x0,0x69,0x0,0x73,0x0,0x20,0x0,0x63,0x0,0x6f,0x0,0x72,0x0,0x72,0x0,0x65,
  0x0,0x63,0x0,0x74,0x0,0x2e,0x0,0xa,0x0,0xa,0x0,0x59,0x0,0x6f,0x0,0x75,
  0x0,0x20,0x0,0x63,0x0,0x61,0x0,0x6e,0x0,0x20,0x0,0x6e,0x0,0x6f,0x0,0x77,
  0x0,0x20,0x0,0x70,0x0,0x72,0x0,0x6f,0x0,0x63,0x0,0x65,0x0,0x65,0x0,0x64,
  0x0,0x20,0x0,0x77,0x0,0x69,0x0,0x74,0x0,0x68,0x0,0x20,0x0,0x74,0x0,0x68,
  0x0,0x65,0x0,0x20,0x0,0x69,0x0,0x6e,0x0,0x73,0x0,0x74,0x0,0x61,0x0,0x6c,
  0x0,0x6c,0x0,0x61,0x0,0x74,0x0,0x69,0x0,0x6f,0x0,0x6e,0x0,0x20,0x0,0x6f,
  0x0,0x66,0x0,0x20,0x0,0x52,0x0,0x75,0x0,0x66,0x0,0x75,0x0,0x73,0x0,0x2e,
  0x8,0x0,0x0,0x0,0x0,0x6,0x0,0x0,0x0,0x7f,0x4c,0x65,0x20,0x70,0x61,0x72,
  0x61,0x6d,0xc3,0xa9,0x74,0x72,0x61,0x67,0x65,0x20,0x64,0x65,0x20,0x4d,0x79,0x53,
  0x51,0x4c,0x20,0x70,0x6f,0x75,0x72,0x20,0x6c,0x27,0x75,0x74,0x69,0x6c,0x69,0x73,
  0x61,0x74,0x69,0x6f,0x6e,0x20,0x64,0x65,0x20,0x52,0x75,0x66,0x75,0x73,0x20,0x65,
  0x73,0x74,0x20,0x63,0x6f,0x72,0x72,0x65,0x63,0x74,0x2e,0xa,0xa,0x56,0x6f,0x75,
  0x73,0x20,0x70,0x6f,0x75,0x76,0x65,0x7a,0x20,0x6d,0x61,0x69,0x6e,0x74,0x65,0x6e,
  0x61,0x6e,0x74,0x20,0x70,0x72,0x6f,0x63,0xc3,0xa9,0x64,0x65,0x72,0x20,0xc3,0xa0,
  0x20,0x6c,0x27,0x69,0x6e,0x73,0x74,0x61,0x6c,0x6c,0x61,0x74,0x69,0x6f,0x6e,0x20,
  0x64,0x65,0x20,0x52,0x75,0x66,0x75,0x73,0x2e,0x7,0x0,0x0,0x0,0xd,0x41,0x70,
  0x70,0x43,0x6f,0x6e,0x74,0x72,0x6f,0x6c,0x6c,0x65,0x72,0x1,0x3,0x0,0x0,0x0,
  0x18,0x0,0x4d,0x0,0x79,0x0,0x53,0x0,0x51,0x0,0x4c,0x0,0x20,0x0,0x55,0x0,
  0x70,0x0,0x64,0x0,0x61,0x0,0x74,0x0,0x65,0x8,0x0,0x0,0x0,0x0,0x6,0x0,
  0x0,0x0,0x12,0x4d,0x69,0x73,0x65,0x20,0xc3,0xa0,0x20,0x6a,0x6f,0x75,0x72,0x20,
  0x4d,0x79,0x53,0x51,0x4c,0x7,0x0,0x0,0x0,0xd,0x41,0x70,0x70,0x43,0x6f,0x6e,
  0x74,0x72,0x6f,0x6c,0x6c,0x65,0x72,0x1,0x3,0x0,0x0,0x0,0x7c,0x0,0x4d,0x0,
  0x79,0x0,0x53,0x0,0x51,0x0,0x4c,0x0,0x20,0x0,0x25,0x0,0x31,0x0,0x20,0x0,
  0x69,0x0,0x73,0x0,0x20,0x0,0x69,0x0,0x6e,0x0,0x73,0x0,0x74,0x0,0x61,0x0,
  0x6c,0x0,0x6c,0x0,0x65,0x0,0x64,0x0,0x2e,0x0,0xa,0x0,0x44,0x0,0x6f,0x0,
  0x20,0x0,0x79,0x0,0x6f,0x0,0x75,0x0,0x20,0x0,0x77,0x0,0x61,0x0,0x6e,0x0,
  0x74,0x0,0x20,0x0,0x74,0x0,0x6f,0x0,0x20,0x0,0x75,0x0,0x70,0x0,0x64,0x0,
  0x61,0x0,0x74,0x0,0x65,0x0,0x20,0x0,0x74,0x0,0x6f,0x0,0x20,0x0,0x76,0x0,
  0x65,0x0,0x72,0x0,0x73,0x0,0x69,0x0,0x6f,0x0,0x6e,0x0,0x20,0x0,0x38,0x0,
  0x2e,0x0,0x34,0x0,0x2e,0x0,0x33,0x0,0x3f,0x8,0x0,0x0,0x0,0x0,0x6,0x0,
  0x0,0x0,0x4d,0x4d,0x79,0x53,0x51,0x4c,0x20,0x25,0x31,0x20,0x65,0x73,0x74,0x20,
  0x69,0x6e,0x73,0x74,0x61,0x6c,0x6c,0xc3,0xa9,0x2e,0xa,0x56,0x6f,0x75,0x6c,0x65,
  0x7a,0x2d,0x76,0x6f,0x75,0x73,0x20,0x6c,0x65,0x20,0x6d,0x65,0x74,0x74,0x72,0x65,
  0x20,0xc3,0xa0,0x20,0x6a,0x6f,0x75,0x72,0x20,0x76,0x65,0x72,0x73,0x20,0x6c,0x61,
  0x20,0x76,0x65,0x72,0x73,0x69,0x6f,0x6e,0x20,0x38,0x2e,0x34,0x2e,0x33,0x20,0x3f,
  0x7,0x0,0x0,0x0,0xd,0x41,0x70,0x70,0x43,0x6f,0x6e,0x74,0x72,0x6f,0x6c,0x6c,
  0x65,0x72,0x1,0x3,0x0,0x0,0x0,0x56,0x0,0x4d,0x0,0x79,0x0,0x53,0x0,0x51,
  0x0,0x4c,0x0,0x20,0x0,0x38,0x0,0x2e,0x0,0x34,0x0,0x2e,0x0,0x33,0x0,0x20,
  0x0,0x69,0x0,0x73,0x0,0x20,0x0,0x6e,0x0,0x6f,0x0,0x74,0x0,0x20,0x0,0x64,
  0x0,0x65,0x0,0x74,0x0,0x65,0x0,0x63,0x0,0x74,0x0,0x65,0x0,0x64,0x0,0x20,
  0x0,0x6f,0x0,0x6e,0x0,0x20,0x0,0x74,0x0,0x68,0x0,0x69,0x0,0x73,0x0,0x20,
  0x0,0x73,0x0,0x79,0x0,0x73,0x0,0x74,0x0,0x65,0x0,0x6d,0x0,0x2e,0x8,0x0,
  0x0,0x0,0x0,0x6,0x0,0x0,0x0,0x30,0x4d,0x79,0x53,0x51,0x4c,0x20,0x38,0x2e,
  0x34,0x2e,0x33,0x20,0x6e,0x27,0x65,0x73,0x74,0x20,0x70,0x61,0x73,0x20,0x64,0xc3,
  0xa9,0x74,0x65,0x63,0x74,0xc3,0xa9,0x20,0x73,0x75,0x72,0x20,0x63,0x65,0x20,0x73,
  0x79,0x73,0x74,0xc3,0xa8,0x6d,0x65,0x2e,0x7,0x0,0x0,0x0,0xd,0x41,0x70,0x70,
  0x43,0x6f,0x6e,0x74,0x72,0x6f,0x6c,0x6c,0x65,0x72,0x1,0x3,0x0,0x0,0x0,0x28,
  0x0,0x4f,0x0,0x70,0x0,0x65,0x0,0x6e,0x0,0x20,0x0,0x53,0x0,0x79,0x0,0x73,
  0x0,0x74,0x0,0x65,0x0,0x6d,0x0,0x20,0x0,0x53,0x0,0x65,0x0,0x74,0x0,0x74,
  0x0,0x69,0x0,0x6e,0x0,0x67,0x0,0x73,0x8,0x0,0x0,0x0,0x0,0x6,0x0,0x0,
  0x0,0x1d,0x4f,0x75,0x76,0x72,0x69,0x72,0x20,0x6c,0x65,0x73,0x20,0x52,0xc3,0xa9,
  0x67,0x6c,0x61,0x67,0x65,0x73,0x20,0x53,0x79,0x73,0x74,0xc3,0xa8,0x6d,0x65,0x7,
  0x0,0x0,0x0,0xd,0x41,0x70,0x70,0x43,0x6f,0x6e,0x74,0x72,0x6f,0x6c,0x6c,0x65,
  0x72,0x1,0x3,0x0,0x0,0x0,0x2a,0x0,0x4d,0x0,0x79,0x0,0x53,0x0,0x51,0x0,
  0x4c,0x0,0x20,0x0,0x53,0x0,0x65,0x0,0x74,0x0,0x75,0x0,0x70,0x0,0x20,0x0,
  0x56,0x0,0x61,0x0,0x6c,0x0,0x69,0x0,0x64,0x0,0x61,0x0,0x74,0x0,0x65,0x0,
  0x64,0x8,0x0,0x0,0x0,0x0,0x6,0x0,0x0,0x0,0x1a,0x50,0x61,0x72,0x61,0x6d,
  0xc3,0xa9,0x74,0x72,0x61,0x67,0x65,0x20,0x4d,0x79,0x53,0x51,0x4c,0x20,0x76,0x61,
  0x6c,0x69,0x64,0xc3,0xa9,0x7,0x0,0x0,0x0,0xd,0x41,0x70,0x70,0x43,0x6f,0x6e,
  0x74,0x72,0x6f,0x6c,0x6c,0x65,0x72,0x1,0x3,0x0,0x0,0x0,0x22,0x0,0x52,0x0,
  0x65,0x0,0x73,0x0,0x74,0x0,0x61,0x0,0x72,0x0,0x74,0x0,0x69,0x0,0x6e,0x0,
  0x67,0x0,0x20,0x0,0x4d,0x0,0x79,0x0,0x53,0x0,0x51,0x0,0x4c,0x20,0x26,0x8,
  0x0,0x0,0x0,0x0,0x6,0x0,0x0,0x0,0x18,0x52,0x65,0x64,0xc3,0xa9,0x6d,0x61,
  0x72,0x72,0x61,0x67,0x65,0x20,0x64,0x65,0x20,0x4d,0x79,0x53,0x51,0x4c,0xe2,0x80,
  0xa6,0x7,0x0,0x0,0x0,0xd,0x41,0x70,0x70,0x43,0x6f,0x6e,0x74,0x72,0x6f,0x6c,
  0x6c,0x65,0x72,0x1,0x3,0x0,0x0,0x0,0xa,0x0,0x52,0x0,0x65,0x0,0x74,0x0,
  0x72,0x0,0x79,0x8,0x0,0x0,0x0,0x0,0x6,0x0,0x0,0x0,0xa,0x52,0xc3,0xa9,
  0x65,0x73,0x73,0x61,0x79,0x65,0x72,0x7,0x0,0x0,0x0,0xd,0x41,0x70,0x70,0x43,
  0x6f,0x6e,0x74,0x72,0x6f,0x6c,0x6c,0x65,0x72,0x1,0x3,0x0,0x0,0x0,0x42,0x0,
  0x44,0x0,0x6f,0x0,0x77,0x0,0x6e,0x0,0x6c,0x0,0x6f,0x0,0x61,0x0,0x64,0x0,
  0x69,0x0,0x6e,0x0,0x67,0x0,0x20,0x0,0x4d,0x0,0x79,0x0,0x53,0x0,0x51,0x0,
  0x4c,0x0,0x20,0x0,0x38,0x0,0x2e,0x0,0x34,0x0,0x2e,0x0,0x33,0x0,0x20,0x0,
  0x28,0x0,0x4f,0x0,0x72,0x0,0x61,0x0,0x63,0x0,0x6c,0x0,0x65,0x0,0x29,0x20,
  0x26,0x8,0x0,0x0,0x0,0x0,0x6,0x0,0x0,0x0,0x2b,0x54,0xc3,0xa9,0x6c,0xc3,
  0xa9,0x63,0x68,0x61,0x72,0x67,0x65,0x6d,0x65,0x6e,0x74,0x20,0x64,0x65,0x20,0x4d,
  0x79,0x53,0x51,0x4c,0x20,0x38,0x2e,0x34,0x2e,0x33,0x20,0x28,0x4f,0x72,0x61,0x63,
  0x6c,0x65,0x29,0xe2,0x80,0xa6,0x7,0x0,0x0,0x0,0xd,0x41,0x70,0x70,0x43,0x6f,
  0x6e,0x74,0x72,0x6f,0x6c,0x6c,0x65,0x72,0x1,0x3,0x0,0x0,0x0,0x44,0x0,0x44,
  0x0,0x6f,0x0,0x77,0x0,0x6e,0x0,0x6c,0x0,0x6f,0x0,0x61,0x0,0x64,0x0,0x69,
  0x0,0x6e,0x0,0x67,0x0,0x20,0x0,0x4d,0x0,0x79,0x0,0x53,0x0,0x51,0x0,0x4c,
  0x0,0x20,0x0,0x38,0x0,0x2e,0x0,0x34,0x0,0x2e,0x0,0x33,0x0,0x20,0x0,0x28,
  0x0,0x57,0x0,0x69,0x0,0x6e,0x0,0x64,0x0,0x6f,0x0,0x77,0x0,0x73,0x0,0x29,
  0x20,0x26,0x8,0x0,0x0,0x0,0x0,0x6,0x0,0x0,0x0,0x2c,0x54,0xc3,0xa9,0x6c,
  0xc3,0xa9,0x63,0x68,0x61,0x72,0x67,0x65,0x6d,0x65,0x6e,0x74,0x20,0x64,0x65,0x20,
  0x4d,0x79,0x53,0x51,0x4c,0x20,0x38,0x2e,0x34,0x2e,0x33,0x20,0x28,0x57,0x69,0x6e,
  0x64,0x6f,0x77,0x73,0x29,0xe2,0x80,0xa6,0x7,0x0,0x0,0x0,0xd,0x41,0x70,0x70,
  0x43,0x6f,0x6e,0x74,0x72,0x6f,0x6c,0x6c,0x65,0x72,0x1,0x3,0x0,0x0,0x0,0x58,
  0x0,0x44,0x0,0x6f,0x0,0x77,0x0,0x6e,0x0,0x6c,0x0,0x6f,0x0,0x61,0x0,0x64,
  0x0,0x69,0x0,0x6e,0x0,0x67,0x0,0x20,0x0,0x56,0x0,0x69,0x0,0x73,0x0,0x75,
  0x0,0x61,0x0,0x6c,0x0,0x20,0x0,0x43,0x0,0x2b,0x0,0x2b,0x0,0x20,0x0,0x52,
  0x0,0x65,0x0,0x64,0x0,0x69,0x0,0x73,0x0,0x74,0x0,0x72,0x0,0x69,0x0,0x62,
  0x0,0x75,0x0,0x74,0x0,0x61,0x0,0x62,0x0,0x6c,0x0,0x65,0x0,0x20,0x0,0x32,
  0x0,0x30,0x0,0x32,0x0,0x32,0x20,0x26,0x8,0x0,0x0,0x0,0x0,0x6,0x0,0x0,
  0x0,0x36,0x54,0xc3,0xa9,0x6c,0xc3,0xa9,0x63,0x68,0x61,0x72,0x67,0x65,0x6d,0x65,
  0x6e,0x74,0x20,0x64,0x65,0x20,0x56,0x69,0x73,0x75,0x61,0x6c,0x20,0x43,0x2b,0x2b,
  0x20,0x52,0x65,0x64,0x69,0x73,0x74,0x72,0x69,0x62,0x75,0x74,0x61,0x62,0x6c,0x65,
  0x20,0x32,0x30,0x32,0x32,0xe2,0x80,0xa6,0x7,0x0,0x0,0x0,0xd,0x41,0x70,0x70,
  0x43,0x6f,0x6e,0x74,0x72,0x6f,0x6c,0x6c,0x65,0x72,0x1,0x3,0x0,0x0,0x0,0x36,
  0x0,0x49,0x0,0x6e,0x0,0x63,0x0,0x6f,0x0,0x6d,0x0,0x70,0x0,0x61,0x0,0x74,
  0x0,0x69,0x0,0x62,0x0,0x6c,0x0,0x65,0x0,0x20,0x0,0x55,0x0,0x62,0x0,0x75,
  0x0,0x6e,0x0,0x74,0x0,0x75,0x0,0x20,0x0,0x76,0x0,0x65,0x0,0x72,0x0,0x73,
  0x0,0x69,0x0,0x6f,0x0,0x6e,0x8,0x0,0x0,0x0,0x0,0x6,0x0,0x0,0x0,0x1f,
  0x56,0x65,0x72,0x73,0x69,0x6f,0x6e,0x20,0x64,0x27,0x55,0x62,0x75,0x6e,0x74,0x75,
  0x20,0x6e,0x6f,0x6e,0x20,0x63,0x6f,0x6d,0x70,0x61,0x74,0x69,0x62,0x6c,0x65,0x7,
  0x0,0x0,0x0,0xd,0x41,0x70,0x70,0x43,0x6f,0x6e,0x74,0x72,0x6f,0x6c,0x6c,0x65,
  0x72,0x1,0x3,0x0,0x0,0x0,0x46,0x0,0x56,0x0,0x69,0x0,0x73,0x0,0x75,0x0,
  0x61,0x0,0x6c,0x0,0x20,0x0,0x43,0x0,0x2b,0x0,0x2b,0x0,0x20,0x0,0x52,0x0,
  0x65,0x0,0x64,0x0,0x69,0x0,0x73,0x0,0x74,0x0,0x72,0x0,0x69,0x0,0x62,0x0,
  0x75,0x0,0x74,0x0,0x61,0x0,0x62,0x0,0x6c,0x0,0x65,0x0,0x20,0x0,0x72,0x0,
  0x65,0x0,0x71,0x0,0x75,0x0,0x69,0x0,0x72,0x0,0x65,0x0,0x64,0x8,0x0,0x0,
  0x0,0x0,0x6,0x0,0x0,0x0,0x21,0x56,0x69,0x73,0x75,0x61,0x6c,0x20,0x43,0x2b,
  0x2b,0x20,0x52,0x65,0x64,0x69,0x73,0x74,0x72,0x69,0x62,0x75,0x74,0x61,0x62,0x6c,
  0x65,0x20,0x72,0x65,0x71,0x75,0x69,0x73,0x7,0x0,0x0,0x0,0xd,0x41,0x70,0x70,
  0x43,0x6f,0x6e,0x74,0x72,0x6f,0x6c,0x6c,0x65,0x72,0x1,0x3,0x0,0x0,0x0,0xc0,
  0x0,0x6d,0x0,0x79,0x0,0x73,0x0,0x71,0x0,0x6c,0x0,0x20,0x0,0x63,0x0,0x61,
  0x0,0x6e,0x0,0x6e,0x0,0x6f,0x0,0x74,0x0,0x20,0x0,0x77,0x0,0x72,0x0,0x69,
  0x0,0x74,0x0,0x65,0x0,0x20,0x0,0x74,0x0,0x6f,0x0,0x20,0x0,0x25,0x0,0x31,
  0x0,0x2e,0x0,0xa,0x0,0x47,0x0,0x72,0x0,0x61,0x0,0x6e,0x0,0x74,0x0,0x20,
  0x0,0x46,0x0,0x75,0x0,0x6c,0x0,0x6c,0x0,0x20,0x0,0x44,0x0,0x69,0x0,0x73,
  0x0,0x6b,0x0,0x20,0x0,0x41,0x0,0x63,0x0,0x63,0x0,0x65,0x0,0x73,0x0,0x73,
  0x0,0x20,0x0,0x74,0x0,0x6f,0x0,0x20,0x0,0x6d,0x0,0x79,0x0,0x73,0x0,0x71,
  0x0,0x6c,0x0,0x64,0x0,0x2c,0x0,0x20,0x0,0x6f,0x0,0x72,0x0,0x20,0x0,0x63,
  0x0,0x68,0x0,0x65,0x0,0x63,0x0,0x6b,0x0,0x20,0x0,0x74,0x0,0x68,0x0,0x65,
  0x0,0x20,0x0,0x46,0x0,0x49,0x0,0x4c,0x0,0x45,0x0,0x20,0x0,0x70,0x0,0x72,
  0x0,0x69,0x0,0x76,0x0,0x69,0x0,0x6c,0x0,0x65,0x0,0x67,0x0,0x65,0x0,0x20,
  0x0,0x6f,0x0,0x66,0x0,0x20,0x0,0x22,0x0,0x25,0x0,0x32,0x0,0x22,0x0,0x2e,
  0x8,0x0,0x0,0x0,0x0,0x6,0x0,0x0,0x0,0x85,0x6d,0x79,0x73,0x71,0x6c,0x20,
  0x6e,0x65,0x20,0x70,0x61,0x72,0x76,0x69,0x65,0x6e,0x74,0x20,0x70,0x61,0x73,0x20,
  0xc3,0xa0,0x20,0xc3,0xa9,0x63,0x72,0x69,0x72,0x65,0x20,0x64,0x61,0x6e,0x73,0x20,
  0x25,0x31,0x2e,0xa,0x41,0x63,0x63,0x6f,0x72,0x64,0x65,0x7a,0x20,0x6c,0x27,0x61,
  0x63,0x63,0xc3,0xa8,0x73,0x20,0x63,0x6f,0x6d,0x70,0x6c,0x65,0x74,0x20,0x61,0x75,
  0x20,0x64,0x69,0x73,0x71,0x75,0x65,0x20,0xc3,0xa0,0x20,0x6d,0x79,0x73,0x71,0x6c,
  0x64,0x2c,0x20,0x6f,0x75,0x20,0x76,0xc3,0xa9,0x72,0x69,0x66,0x69,0x65,0x7a,0x20,
  0x6c,0x65,0x20,0x70,0x72,0x69,0x76,0x69,0x6c,0xc3,0xa8,0x67,0x65,0x20,0x46,0x49,
  0x4c,0x45,0x20,0x64,0x65,0x20,0xc2,0xab,0x20,0x25,0x32,0x20,0xc2,0xbb,0x2e,0x7,
  0x0,0x0,0x0,0xd,0x41,0x70,0x70,0x43,0x6f,0x6e,0x74,0x72,0x6f,0x6c,0x6c,0x65,
  0x72,0x1,0x3,0x0,0x0,0x0,0xac,0x0,0x6d,0x0,0x79,0x0,0x73,0x0,0x71,0x0,
  0x6c,0x0,0x20,0x0,0x63,0x0,0x61,0x0,0x6e,0x0,0x6e,0x0,0x6f,0x0,0x74,0x0,
  0x20,0x0,0x77,0x0,0x72,0x0,0x69,0x0,0x74,0x0,0x65,0x0,0x20,0x0,0x74,0x0,
  0x6f,0x0,0x20,0x0,0x25,0x0,0x31,0x0,0x2e,0x0,0xa,0x0,0x43,0x0,0x68,0x0,
  0x65,0x0,0x63,0x0,0x6b,0x0,0x20,0x0,0x74,0x0,0x68,0x0,0x65,0x0,0x20,0x0,
  0x66,0x0,0x6f,0x0,0x6c,0x0,0x64,0x0,0x65,0x0,0x72,0x0,0x20,0x0,0x70,0x0,
  0x65,0x0,0x72,0x0,0x6d,0x0,0x69,0x0,0x73,0x0,0x73,0x0,0x69,0x0,0x6f,0x0,
  0x6e,0x0,0x73,0x0,0x20,0x0,0x61,0x0,0x6e,0x0,0x64,0x0,0x20,0x0,0x74,0x0,
  0x68,0x0,0x65,0x0,0x20,0x0,0x46,0x0,0x49,0x0,0x4c,0x0,0x45,0x0,0x20,0x0,
  0x70,0x0,0x72,0x0,0x69,0x0,0x76,0x0,0x69,0x0,0x6c,0x0,0x65,0x0,0x67,0x0,
  0x65,0x0,0x20,0x0,0x6f,0x0,0x66,0x0,0x20,0x0,0x22,0x0,0x25,0x0,0x32,0x0,
  0x22,0x0,0x2e,0x8,0x0,0x0,0x0,0x0,0x6,0x0,0x0,0x0,0x6c,0x6d,0x79,0x73,
  0x71,0x6c,0x20,0x6e,0x65,0x20,0x70,0x61,0x72,0x76,0x69,0x65,0x6e,0x74,0x20,0x70,
  0x61,0x73,0x20,0xc3,0xa0,0x20,0xc3,0xa9,0x63,0x72,0x69,0x72,0x65,0x20,0x64,0x61,
  0x6e,0x73,0x20,0x25,0x31,0x2e,0xa,0x56,0xc3,0xa9,0x72,0x69,0x66,0x69,0x65,0x7a,
  0x20,0x6c,0x65,0x73,0x20,0x64,0x72,0x6f,0x69,0x74,0x73,0x20,0x64,0x75,0x20,0x64,
  0x6f,0x73,0x73,0x69,0x65,0x72,0x20,0x65,0x74,0x20,0x6c,0x65,0x20,0x70,0x72,0x69,
  0x76,0x69,0x6c,0xc3,0xa8,0x67,0x65,0x20,0x46,0x49,0x4c,0x45,0x20,0x64,0x65,0x20,
  0xc2,0xab,0x20,0x25,0x32,0x20,0xc2,0xbb,0x2e,0x7,0x0,0x0,0x0,0xd,0x41,0x70,
  0x70,0x43,0x6f,0x6e,0x74,0x72,0x6f,0x6c,0x6c,0x65,0x72,0x1,0x3,0x0,0x0,0x2,
  0xea,0x0,0x6d,0x0,0x79,0x0,0x73,0x0,0x71,0x0,0x6c,0x0,0x64,0x0,0x20,0x0,
  0x63,0x0,0x61,0x0,0x6e,0x0,0x6e,0x0,0x6f,0x0,0x74,0x0,0x20,0x0,0x77,0x0,
  0x72,0x0,0x69,0x0,0x74,0x0,0x65,0x0,0x20,0x0,0x74,0x0,0x6f,0x0,0x20,0x0,
  0x2f,0x0,0x55,0x0,0x73,0x0,0x65,0x0,0x72,0x0,0x73,0x0,0x2f,0x0,0x53,0x0,
  0x68,0x0,0x61,0x0,0x72,0x0,0x65,0x0,0x64,0x0,0x2e,0x0,0x20,0x0,0x4f,0x0,
  0x6e,0x0,0x20,0x0,0x6d,0x0,0x61,0x0,0x63,0x0,0x4f,0x0,0x53,0x0,0x2c,0x0,
  0x20,0x0,0x61,0x0,0x20,0x0,0x64,0x0,0x61,0x0,0x65,0x0,0x6d,0x0,0x6f,0x0,
  0x6e,0x0,0x20,0x0,0x6e,0x0,0x65,0x0,0x65,0x0,0x64,0x0,0x73,0x0,0x20,0x0,
  0x22,0x0,0x46,0x0,0x75,0x0,0x6c,0x0,0x6c,0x0,0x20,0x0,0x44,0x0,0x69,0x0,
  0x73,0x0,0x6b,0x0,0x20,0x0,0x41,0x0,0x63,0x0,0x63,0x0,0x65,0x0,0x73,0x0,
  0x73,0x0,0x22,0x0,0x20,0x0,0x74,0x0,0x6f,0x0,0x20,0x0,0x72,0x0,0x65,0x0,
  0x61,0x0,0x63,0x0,0x68,0x0,0x20,0x0,0x69,0x0,0x74,0x0,0x2e,0x0,0xa,0x0,
  0xa,0x0,0x54,0x0,0x6f,0x0,0x20,0x0,0x67,0x0,0x72,0x0,0x61,0x0,0x6e,0x0,
  0x74,0x0,0x20,0x0,0x69,0x0,0x74,0x0,0x3a,0x0,0xa,0x0,0x20,0x0,0x20,0x0,
  0x31,0x0,0x2e,0x0,0x20,0x0,0x43,0x0,0x6c,0x0,0x69,0x0,0x63,0x0,0x6b,0x0,
  0x20,0x0,0x22,0x0,0x4f,0x0,0x70,0x0,0x65,0x0,0x6e,0x0,0x20,0x0,0x53,0x0,
  0x79,0x0,0x73,0x0,0x74,0x0,0x65,0x0,0x6d,0x0,0x20,0x0,0x53,0x0,0x65,0x0,
  0x74,0x0,0x74,0x0,0x69,0x0,0x6e,0x0,0x67,0x0,0x73,0x0,0x22,0x0,0x2e,0x0,
  0xa,0x0,0x20,0x0,0x20,0x0,0x32,0x0,0x2e,0x0,0x20,0x0,0x49,0x0,0x6e,0x0,
  0x20,0x0,0x74,0x0,0x68,0x0,0x65,0x0,0x20,0x0,0x6c,0x0,0x69,0x0,0x73,0x0,
  0x74,0x0,0x2c,0x0,0x20,0x0,0x63,0x0,0x6c,0x0,0x69,0x0,0x63,0x0,0x6b,0x0,
  0x20,0x0,0x74,0x0,0x68,0x0,0x65,0x0,0x20,0x0,0x22,0x0,0x2b,0x0,0x22,0x0,
  0x20,0x0,0x62,0x0,0x75,0x0,0x74,0x0,0x74,0x0,0x6f,0x0,0x6e,0x0,0x2e,0x0,
  0xa,0x0,0x20,0x0,0x20,0x0,0x33,0x0,0x2e,0x0,0x20,0x0,0x6d,0x0,0x79,0x0,
  0x73,0x0,0x71,0x0,0x6c,0x0,0x64,0x0,0x20,0x0,0x69,0x0,0x73,0x0,0x20,0x0,
  0x72,0x0,0x65,0x0,0x76,0x0,0x65,0x0,0x61,0x0,0x6c,0x0,0x65,0x0,0x64,0x0,
  0x20,0x0,0x69,0x0,0x6e,0x0,0x20,0x0,0x74,0x0,0x68,0x0,0x65,0x0,0x20,0x0,
  0x46,0x0,0x69,0x0,0x6e,0x0,0x64,0x0,0x65,0x0,0x72,0x0,0x3a,0x0,0x20,0x0,
  0x64,0x0,0x72,0x0,0x61,0x0,0x67,0x0,0x20,0x0,0x69,0x0,0x74,0x0,0x20,0x0,
  0x69,0x0,0x6e,0x0,0x74,0x0,0x6f,0x0,0x20,0x0,0x74,0x0,0x68,0x0,0x65,0x0,
  0x20,0x0,0x77,0x0,0x69,0x0,0x6e,0x0,0x64,0x0,0x6f,0x0,0x77,0x0,0x20,0x0,
  0x28,0x0,0x6f,0x0,0x72,0x0,0x20,0x0,0x70,0x0,0x72,0x0,0x65,0x0,0x73,0x0,
  0x73,0x0,0x20,0x23,0x18,0x21,0xe7,0x0,0x47,0x0,0x20,0x0,0x61,0x0,0x6e,0x0,
  0x64,0x0,0x20,0x0,0x70,0x0,0x61,0x0,0x73,0x0,0x74,0x0,0x65,0x0,0x20,0x0,
  0x69,0x0,0x74,0x0,0x73,0x0,0x20,0x0,0x70,0x0,0x61,0x0,0x74,0x0,0x68,0x0,
  0x29,0x0,0x3a,0x0,0xa,0x0,0xa,0x0,0x20,0x0,0x20,0x0,0x20,0x0,0x20,0x0,
  0x20,0x0,0x20,0x0,0x20,0x0,0x20,0x0,0x25,0x0,0x31,0x0,0xa,0x0,0xa,0x0,
  0x20,0x0,0x20,0x0,0x34,0x0,0x2e,0x0,0x20,0x0,0x54,0x0,0x75,0x0,0x72,0x0,
  0x6e,0x0,0x20,0x0,0x6f,0x0,0x6e,0x0,0x20,0x0,0x74,0x0,0x68,0x0,0x65,0x0,
  0x20,0x0,0x73,0x0,0x77,0x0,0x69,0x0,0x74,0x0,0x63,0x0,0x68,0x0,0x20,0x0,
  0x6e,0x0,0x65,0x0,0x78,0x0,0x74,0x0,0x20,0x0,0x74,0x0,0x6f,0x0,0x20,0x0,
  0x6d,0x0,0x79,0x0,0x73,0x0,0x71,0x0,0x6c,0x0,0x64,0x0,0x2e,0x0,0xa,0x0,
  0x20,0x0,0x20,0x0,0x35,0x0,0x2e,0x0,0x20,0x0,0x43,0x0,0x6f,0x0,0x6d,0x0,
  0x65,0x0,0x20,0x0,0x62,0x0,0x61,0x0,0x63,0x0,0x6b,0x0,0x20,0x0,0x68,0x0,
  0x65,0x0,0x72,0x0,0x65,0x0,0x20,0x0,0x61,0x0,0x6e,0x0,0x64,0x0,0x20,0x0,
  0x63,0x0,0x6c,0x0,0x69,0x0,0x63,0x0,0x6b,0x0,0x20,0x0,0x22,0x0,0x52,0x0,
  0x65,0x0,0x74,0x0,0x72,0x0,0x79,0x0,0x22,0x0,0x2e,0x8,0x0,0x0,0x0,0x0,
  0x6,0x0,0x0,0x1,0xef,0x6d,0x79,0x73,0x71,0x6c,0x64,0x20,0x6e,0x65,0x20,0x70,
  0x61,0x72,0x76,0x69,0x65,0x6e,0x74,0x20,0x70,0x61,0x73,0x20,0xc3,0xa0,0x20,0xc3,
  0xa9,0x63,0x72,0x69,0x72,0x65,0x20,0x64,0x61,0x6e,0x73,0x20,0x2f,0x55,0x73,0x65,
  0x72,0x73,0x2f,0x53,0x68,0x61,0x72,0x65,0x64,0x2e,0x20,0x53,0x75,0x72,0x20,0x6d,
  0x61,0x63,0x4f,0x53,0x2c,0x20,0x75,0x6e,0x20,0x64,0xc3,0xa9,0x6d,0x6f,0x6e,0x20,
  0x64,0x6f,0x69,0x74,0x20,0x64,0x69,0x73,0x70,0x6f,0x73,0x65,0x72,0x20,0x64,0x65,
  0x20,0x6c,0x27,0xc2,0xab,0x20,0x41,0x63,0x63,0xc3,0xa8,0x73,0x20,0x63,0x6f,0x6d,
  0x70,0x6c,0x65,0x74,0x20,0x61,0x75,0x20,0x64,0x69,0x73,0x71,0x75,0x65,0x20,0xc2,
  0xbb,0x20,0x70,0x6f,0x75,0x72,0x20,0x79,0x20,0x61,0x63,0x63,0xc3,0xa9,0x64,0x65,
  0x72,0x2e,0xa,0xa,0x50,0x6f,0x75,0x72,0x20,0x6c,0x27,0x61,0x75,0x74,0x6f,0x72,
  0x69,0x73,0x65,0x72,0x20,0x3a,0xa,0x20,0x20,0x31,0x2e,0x20,0x43,0x6c,0x69,0x71,
  0x75,0x65,0x7a,0x20,0x73,0x75,0x72,0x20,0xc2,0xab,0x20,0x4f,0x75,0x76,0x72,0x69,
  0x72,0x20,0x6c,0x65,0x73,0x20,0x52,0xc3,0xa9,0x67,0x6c,0x61,0x67,0x65,0x73,0x20,
  0x53,0x79,0x73,0x74,0xc3,0xa8,0x6d,0x65,0x20,0xc2,0xbb,0x2e,0xa,0x20,0x20,0x32,
  0x2e,0x20,0x44,0x61,0x6e,0x73,0x20,0x6c,0x61,0x20,0x6c,0x69,0x73,0x74,0x65,0x2c,
  0x20,0x63,0x6c,0x69,0x71,0x75,0x65,0x7a,0x20,0x73,0x75,0x72,0x20,0x6c,0x65,0x20,
  0x62,0x6f,0x75,0x74,0x6f,0x6e,0x20,0xc2,0xab,0x20,0x2b,0x20,0xc2,0xbb,0x2e,0xa,
  0x20,0x20,0x33,0x2e,0x20,0x6d,0x79,0x73,0x71,0x6c,0x64,0x20,0x65,0x73,0x74,0x20,
  0x72,0xc3,0xa9,0x76,0xc3,0xa9,0x6c,0xc3,0xa9,0x20,0x64,0x61,0x6e,0x73,0x20,0x6c,
  0x65,0x20,0x46,0x69,0x6e,0x64,0x65,0x72,0x20,0x3a,0x20,0x67,0x6c,0x69,0x73,0x73,
  0x65,0x7a,0x2d,0x6c,0x65,0x20,0x64,0x61,0x6e,0x73,0x20,0x6c,0x61,0x20,0x66,0x65,
  0x6e,0xc3,0xaa,0x74,0x72,0x65,0x20,0x28,0x6f,0x75,0x20,0x61,0x70,0x70,0x75,0x79,
  0x65,0x7a,0x20,0x73,0x75,0x72,0x20,0xe2,0x8c,0x98,0xe2,0x87,0xa7,0x47,0x20,0x65,
  0x74,0x20,0x63,0x6f,0x6c,0x6c,0x65,0x7a,0x20,0x73,0x6f,0x6e,0x20,0x63,0x68,0x65,
  0x6d,0x69,0x6e,0x29,0x20,0x3a,0xa,0xa,0x20,0x20,0x20,0x20,0x20,0x20,0x20,0x20,
  0x25,0x31,0xa,0xa,0x20,0x20,0x34,0x2e,0x20,0x41,0x63,0x74,0x69,0x76,0x65,0x7a,
  0x20,0x6c,0x27,0x69,0x6e,0x74,0x65,0x72,0x72,0x75,0x70,0x74,0x65,0x75,0x72,0x20,
  0x65,0x6e,0x20,0x66,0x61,0x63,0x65,0x20,0x64,0x65,0x20,0x6d,0x79,0x73,0x71,0x6c,
  0x64,0x2e,0xa,0x20,0x20,0x35,0x2e,0x20,0x52,0x65,0x76,0x65,0x6e,0x65,0x7a,0x20,
  0x69,0x63,0x69,0x20,0x65,0x74,0x20,0x63,0x6c,0x69,0x71,0x75,0x65,0x7a,0x20,0x73,
  0x75,0x72,0x20,0xc2,0xab,0x20,0x52,0xc3,0xa9,0x65,0x73,0x73,0x61,0x79,0x65,0x72,
  0x20,0xc2,0xbb,0x2e,0x7,0x0,0x0,0x0,0xd,0x41,0x70,0x70,0x43,0x6f,0x6e,0x74,
  0x72,0x6f,0x6c,0x6c,0x65,0x72,0x1,0x3,0x0,0x0,0x0,0x3e,0x0,0x35,0x0,0x20,
  0x0,0x74,0x0,0x6f,0x0,0x20,0x0,0x31,0x0,0x32,0x0,0x20,0x0,0x61,0x0,0x6c,
  0x0,0x70,0x0,0x68,0x0,0x61,0x0,0x6e,0x0,0x75,0x0,0x6d,0x0,0x65,0x0,0x72,
  0x0,0x69,0x0,0x63,0x0,0x20,0x0,0x63,0x0,0x68,0x0,0x61,0x0,0x72,0x0,0x61,
  0x0,0x63,0x0,0x74,0x0,0x65,0x0,0x72,0x0,0x73,0x8,0x0,0x0,0x0,0x0,0x6,
  0x0,0x0,0x0,0x24,0x35,0x20,0xc3,0xa0,0x20,0x31,0x32,0x20,0x63,0x61,0x72,0x61,
  0x63,0x74,0xc3,0xa8,0x72,0x65,0x73,0x20,0x61,0x6c,0x70,0x68,0x61,0x6e,0x75,0x6d,
  0xc3,0xa9,0x72,0x69,0x71,0x75,0x65,0x73,0x7,0x0,0x0,0x0,0x11,0x43,0x72,0x65,
  0x64,0x65,0x6e,0x74,0x69,0x61,0x6c,0x73,0x44,0x69,0x61,0x6c,0x6f,0x67,0x1,0x3,
  0x0,0x0,0x0,0x3e,0x0,0x35,0x0,0x20,0x0,0x74,0x0,0x6f,0x0,0x20,0x0,0x31,
  0x0,0x35,0x0,0x20,0x0,0x61,0x0,0x6c,0x0,0x70,0x0,0x68,0x0,0x61,0x0,0x6e,
  0x0,0x75,0x0,0x6d,0x0,0x65,0x0,0x72,0x0,0x69,0x0,0x63,0x0,0x20,0x0,0x63,
  0x0,0x68,0x0,0x61,0x0,0x72,0x0,0x61,0x0,0x63,0x0,0x74,0x0,0x65,0x0,0x72,
  0x0,0x73,0x8,0x0,0x0,0x0,0x0,0x6,0x0,0x0,0x0,0x24,0x35,0x20,0xc3,0xa0,
  0x20,0x31,0x35,0x20,0x63,0x61,0x72,0x61,0x63,0x74,0xc3,0xa8,0x72,0x65,0x73,0x20,
  0x61,0x6c,0x70,0x68,0x61,0x6e,0x75,0x6d,0xc3,0xa9,0x72,0x69,0x71,0x75,0x65,0x73,
  0x7,0x0,0x0,0x0,0x11,0x43,0x72,0x65,0x64,0x65,0x6e,0x74,0x69,0x61,0x6c,0x73,
  0x44,0x69,0x61,0x6c,0x6f,0x67,0x1,0x3,0x0,0x0,0x0,0xc,0x0,0x43,0x0,0x61,
  0x0,0x6e,0x0,0x63,0x0,0x65,0x0,0x6c,0x8,0x0,0x0,0x0,0x0,0x6,0x0,0x0,
  0x0,0x7,0x41,0x6e,0x6e,0x75,0x6c,0x65,0x72,0x7,0x0,0x0,0x0,0x11,0x43,0x72,
  0x65,0x64,0x65,0x6e,0x74,0x69,0x61,0x6c,0x73,0x44,0x69,0x61,0x6c,0x6f,0x67,0x1,
  0x3,0x0,0x0,0x0,0x9e,0x0,0x54,0x0,0x68,0x0,0x69,0x0,0x73,0x0,0x20,0x0,
  0x61,0x0,0x63,0x0,0x63,0x0,0x6f,0x0,0x75,0x0,0x6e,0x0,0x74,0x0,0x20,0x0,
  0x77,0x0,0x69,0x0,0x6c,0x0,0x6c,0x0,0x20,0x0,0x62,0x0,0x65,0x0,0x20,0x0,
  0x75,0x0,0x73,0x0,0x65,0x0,0x64,0x0,0x20,0x0,0x74,0x0,0x6f,0x0,0x20,0x0,
  0x61,0x0,0x63,0x0,0x63,0x0,0x65,0x0,0x73,0x0,0x73,0x0,0x20,0x0,0x4d,0x0,
  0x79,0x0,0x53,0x0,0x51,0x0,0x4c,0x0,0x2e,0x0,0xa,0x0,0x4f,0x0,0x6e,0x0,
  0x6c,0x0,0x79,0x0,0x20,0x0,0x6c,0x0,0x65,0x0,0x74,0x0,0x74,0x0,0x65,0x0,
  0x72,0x0,0x73,0x0,0x20,0x0,0x61,0x0,0x6e,0x0,0x64,0x0,0x20,0x0,0x64,0x0,
  0x69,0x0,0x67,0x0,0x69,0x0,0x74,0x0,0x73,0x0,0x20,0x0,0x61,0x0,0x72,0x0,
  0x65,0x0,0x20,0x0,0x61,0x0,0x6c,0x0,0x6c,0x0,0x6f,0x0,0x77,0x0,0x65,0x0,
  0x64,0x0,0x2e,0x8,0x0,0x0,0x0,0x0,0x6,0x0,0x0,0x0,0x5e,0x43,0x65,0x20,
  0x63,0x6f,0x6d,0x70,0x74,0x65,0x20,0x73,0x65,0x72,0x61,0x20,0x75,0x74,0x69,0x6c,
  0x69,0x73,0xc3,0xa9,0x20,0x70,0x6f,0x75,0x72,0x20,0x61,0x63,0x63,0xc3,0xa9,0x64,
  0x65,0x72,0x20,0xc3,0xa0,0x20,0x4d,0x79,0x53,0x51,0x4c,0x2e,0xa,0x53,0x65,0x75,
  0x6c,0x73,0x20,0x6c,0x65,0x73,0x20,0x6c,0x65,0x74,0x74,0x72,0x65,0x73,0x20,0x65,
  0x74,0x20,0x63,0x68,0x69,0x66,0x66,0x72,0x65,0x73,0x20,0x73,0x6f,0x6e,0x74,0x20,
  0x61,0x75,0x74,0x6f,0x72,0x69,0x73,0xc3,0xa9,0x73,0x2e,0x7,0x0,0x0,0x0,0x11,
  0x43,0x72,0x65,0x64,0x65,0x6e,0x74,0x69,0x61,0x6c,0x73,0x44,0x69,0x61,0x6c,0x6f,
  0x67,0x1,0x3,0x0,0x0,0x0,0x10,0x0,0x43,0x0,0x6f,0x0,0x6e,0x0,0x66,0x0,
  0x69,0x0,0x72,0x0,0x6d,0x0,0x3a,0x8,0x0,0x0,0x0,0x0,0x6,0x0,0x0,0x0,
  0xe,0x43,0x6f,0x6e,0x66,0x69,0x72,0x6d,0x61,0x74,0x69,0x6f,0x6e,0x20,0x3a,0x7,
  0x0,0x0,0x0,0x11,0x43,0x72,0x65,0x64,0x65,0x6e,0x74,0x69,0x61,0x6c,0x73,0x44,
  0x69,0x61,0x6c,0x6f,0x67,0x1,0x3,0x0,0x0,0x0,0x20,0x0,0x43,0x0,0x6f,0x0,
  0x6e,0x0,0x6e,0x0,0x65,0x0,0x63,0x0,0x74,0x0,0x20,0x0,0x74,0x0,0x6f,0x0,
  0x20,0x0,0x4d,0x0,0x79,0x0,0x53,0x0,0x51,0x0,0x4c,0x8,0x0,0x0,0x0,0x0,
  0x6,0x0,0x0,0x0,0x12,0x43,0x6f,0x6e,0x6e,0x65,0x78,0x69,0x6f,0x6e,0x20,0xc3,
  0xa0,0x20,0x4d,0x79,0x53,0x51,0x4c,0x7,0x0,0x0,0x0,0x11,0x43,0x72,0x65,0x64,
  0x65,0x6e,0x74,0x69,0x61,0x6c,0x73,0x44,0x69,0x61,0x6c,0x6f,0x67,0x1,0x3,0x0,
  0x0,0x0,0x1c,0x0,0x43,0x0,0x72,0x0,0x65,0x0,0x61,0x0,0x74,0x0,0x65,0x0,
  0x20,0x0,0x41,0x0,0x63,0x0,0x63,0x0,0x6f,0x0,0x75,0x0,0x6e,0x0,0x74,0x8,
  0x0,0x0,0x0,0x0,0x6,0x0,0x0,0x0,0x10,0x43,0x72,0xc3,0xa9,0x65,0x72,0x20,
  0x6c,0x65,0x20,0x63,0x6f,0x6d,0x70,0x74,0x65,0x7,0x0,0x0,0x0,0x11,0x43,0x72,
  0x65,0x64,0x65,0x6e,0x74,0x69,0x61,0x6c,0x73,0x44,0x69,0x61,0x6c,0x6f,0x67,0x1,
  0x3,0x0,0x0,0x0,0x28,0x0,0x43,0x0,0x72,0x0,0x65,0x0,0x61,0x0,0x74,0x0,
  0x65,0x0,0x20,0x0,0x4d,0x0,0x79,0x0,0x53,0x0,0x51,0x0,0x4c,0x0,0x20,0x0,
  0x41,0x0,0x63,0x0,0x63,0x0,0x6f,0x0,0x75,0x0,0x6e,0x0,0x74,0x8,0x0,0x0,
  0x0,0x0,0x6,0x0,0x0,0x0,0x16,0x43,0x72,0xc3,0xa9,0x65,0x72,0x20,0x75,0x6e,
  0x20,0x63,0x6f,0x6d,0x70,0x74,0x65,0x20,0x4d,0x79,0x53,0x51,0x4c,0x7,0x0,0x0,
  0x0,0x11,0x43,0x72,0x65,0x64,0x65,0x6e,0x74,0x69,0x61,0x6c,0x73,0x44,0x69,0x61,
  0x6c,0x6f,0x67,0x1,0x3,0x0,0x0,0x0,0x44,0x0,0x53,0x0,0x68,0x0,0x61,0x0,
  0x72,0x0,0x65,0x0,0x64,0x0,0x20,0x0,0x66,0x0,0x6f,0x0,0x6c,0x0,0x64,0x0,
  0x65,0x0,0x72,0x0,0x20,0x0,0x65,0x0,0x78,0x0,0x69,0x0,0x73,0x0,0x74,0x0,
  0x73,0x0,0x20,0x0,0x61,0x0,0x6e,0x0,0x64,0x0,0x20,0x0,0x69,0x0,0x73,0x0,
  0x20,0x0,0x73,0x0,0x68,0x0,0x61,0x0,0x72,0x0,0x65,0x0,0x64,0x8,0x0,0x0,
  0x0,0x0,0x6,0x0,0x0,0x0,0x23,0x44,0x6f,0x73,0x73,0x69,0x65,0x72,0x20,0x70,
  0x61,0x72,0x74,0x61,0x67,0xc3,0xa9,0x20,0x65,0x78,0x69,0x73,0x74,0x65,0x20,0x65,
  0x74,0x20,0x70,0x61,0x72,0x74,0x61,0x67,0xc3,0xa9,0x7,0x0,0x0,0x0,0x11,0x43,
  0x72,0x65,0x64,0x65,0x6e,0x74,0x69,0x61,0x6c,0x73,0x44,0x69,0x61,0x6c,0x6f,0x67,
  0x1,0x3,0x0,0x0,0x0,0x32,0x0,0x55,0x0,0x73,0x0,0x65,0x0,0x72,0x0,0x20,
  0x0,0x70,0x0,0x72,0x0,0x69,0x0,0x76,0x0,0x69,0x0,0x6c,0x0,0x65,0x0,0x67,
  0x0,0x65,0x0,0x73,0x0,0x20,0x0,0x63,0x0,0x6f,0x0,0x6e,0x0,0x66,0x0,0x69,
  0x0,0x72,0x0,0x6d,0x0,0x65,0x0,0x64,0x8,0x0,0x0,0x0,0x0,0x6,0x0,0x0,
  0x0,0x1e,0x44,0x72,0x6f,0x69,0x74,0x73,0x20,0x75,0x74,0x69,0x6c,0x69,0x73,0x61,
  0x74,0x65,0x75,0x72,0x73,0x20,0x63,0x6f,0x6e,0x66,0x69,0x72,0x6d,0xc3,0xa9,0x73,
  0x7,0x0,0x0,0x0,0x11,0x43,0x72,0x65,0x64,0x65,0x6e,0x74,0x69,0x61,0x6c,0x73,
  0x44,0x69,0x61,0x6c,0x6f,0x67,0x1,0x3,0x0,0x0,0x0,0x52,0x0,0x4c,0x0,0x6f,
  0x0,0x67,0x0,0x69,0x0,0x6e,0x0,0x20,0x0,0x6d,0x0,0x75,0x0,0x73,0x0,0x74,
  0x0,0x20,0x0,0x62,0x0,0x65,0x0,0x20,0x0,0x61,0x0,0x74,0x0,0x20,0x0,0x6c,
  0x0,0x65,0x0,0x61,0x0,0x73,0x0,0x74,0x0,0x20,0x0,0x35,0x0,0x20,0x0,0x63,
  0x0,0x68,0x0,0x61,0x0,0x72,0x0,0x61,0x0,0x63,0x0,0x74,0x0,0x65,0x0,0x72,
  0x0,0x73,0x0,0x20,0x0,0x6c,0x0,0x6f,0x0,0x6e,0x0,0x67,0x0,0x2e,0x8,0x0,
  0x0,0x0,0x0,0x6,0x0,0x0,0x0,0x2e,0x4c,0x65,0x20,0x6c,0x6f,0x67,0x69,0x6e,
  0x20,0x64,0x6f,0x69,0x74,0x20,0x63,0x6f,0x6e,0x74,0x65,0x6e,0x69,0x72,0x20,0x61,
  0x75,0x20,0x6d,0x6f,0x69,0x6e,0x73,0x20,0x35,0x20,0x63,0x61,0x72,0x61,0x63,0x74,
  0xc3,0xa8,0x72,0x65,0x73,0x2e,0x7,0x0,0x0,0x0,0x11,0x43,0x72,0x65,0x64,0x65,
  0x6e,0x74,0x69,0x61,0x6c,0x73,0x44,0x69,0x61,0x6c,0x6f,0x67,0x1,0x3,0x0,0x0,
  0x0,0x58,0x0,0x50,0x0,0x61,0x0,0x73,0x0,0x73,0x0,0x77,0x0,0x6f,0x0,0x72,
  0x0,0x64,0x0,0x20,0x0,0x6d,0x0,0x75,0x0,0x73,0x0,0x74,0x0,0x20,0x0,0x62,
  0x0,0x65,0x0,0x20,0x0,0x61,0x0,0x74,0x0,0x20,0x0,0x6c,0x0,0x65,0x0,0x61,
  0x0,0x73,0x0,0x74,0x0,0x20,0x0,0x35,0x0,0x20,0x0,0x63,0x0,0x68,0x0,0x61,
  0x0,0x72,0x0,0x61,0x0,0x63,0x0,0x74,0x0,0x65,0x0,0x72,0x0,0x73,0x0,0x20,
  0x0,0x6c,0x0,0x6f,0x0,0x6e,0x0,0x67,0x0,0x2e,0x8,0x0,0x0,0x0,0x0,0x6,
  0x0,0x0,0x0,0x35,0x4c,0x65,0x20,0x6d,0x6f,0x74,0x20,0x64,0x65,0x20,0x70,0x61,
  0x73,0x73,0x65,0x20,0x64,0x6f,0x69,0x74,0x20,0x63,0x6f,0x6e,0x74,0x65,0x6e,0x69,
  0x72,0x20,0x61,0x75,0x20,0x6d,0x6f,0x69,0x6e,0x73,0x20,0x35,0x20,0x63,0x61,0x72,
  0x61,0x63,0x74,0xc3,0xa8,0x72,0x65,0x73,0x2e,0x7,0x0,0x0,0x0,0x11,0x43,0x72,
  0x65,0x64,0x65,0x6e,0x74,0x69,0x61,0x6c,0x73,0x44,0x69,0x61,0x6c,0x6f,0x67,0x1,
  0x3,0x0,0x0,0x0,0x32,0x0,0x6d,0x0,0x79,0x0,0x73,0x0,0x71,0x0,0x6c,0x0,
  0x20,0x0,0x72,0x0,0x65,0x0,0x61,0x0,0x64,0x0,0x2f,0x0,0x77,0x0,0x72,0x0,
  0x69,0x0,0x74,0x0,0x65,0x0,0x20,0x0,0x76,0x0,0x65,0x0,0x72,0x0,0x69,0x0,
  0x66,0x0,0x69,0x0,0x65,0x0,0x64,0x8,0x0,0x0,0x0,0x0,0x6,0x0,0x0,0x0,
  0x24,0x4c,0x65,0x63,0x74,0x75,0x72,0x65,0x20,0x2f,0x20,0xc3,0xa9,0x63,0x72,0x69,
  0x74,0x75,0x72,0x65,0x20,0x6d,0x79,0x73,0x71,0x6c,0x20,0x76,0xc3,0xa9,0x72,0x69,
  0x66,0x69,0xc3,0xa9,0x65,0x7,0x0,0x0,0x0,0x11,0x43,0x72,0x65,0x64,0x65,0x6e,
  0x74,0x69,0x61,0x6c,0x73,0x44,0x69,0x61,0x6c,0x6f,0x67,0x1,0x3,0x0,0x0,0x0,
  0x2e,0x0,0x50,0x0,0x61,0x0,0x73,0x0,0x73,0x0,0x77,0x0,0x6f,0x0,0x72,0x0,
  0x64,0x0,0x73,0x0,0x20,0x0,0x64,0x0,0x6f,0x0,0x20,0x0,0x6e,0x0,0x6f,0x0,
  0x74,0x0,0x20,0x0,0x6d,0x0,0x61,0x0,0x74,0x0,0x63,0x0,0x68,0x0,0x2e,0x8,
  0x0,0x0,0x0,0x0,0x6,0x0,0x0,0x0,0x27,0x4c,0x65,0x73,0x20,0x6d,0x6f,0x74,
  0x73,0x20,0x64,0x65,0x20,0x70,0x61,0x73,0x73,0x65,0x20,0x6e,0x65,0x20,0x63,0x6f,
  0x72,0x72,0x65,0x73,0x70,0x6f,0x6e,0x64,0x65,0x6e,0x74,0x20,0x70,0x61,0x73,0x2e,
  0x7,0x0,0x0,0x0,0x11,0x43,0x72,0x65,0x64,0x65,0x6e,0x74,0x69,0x61,0x6c,0x73,
  0x44,0x69,0x61,0x6c,0x6f,0x67,0x1,0x3,0x0,0x0,0x0,0xc,0x0,0x4c,0x0,0x6f,
  0x0,0x67,0x0,0x69,0x0,0x6e,0x0,0x3a,0x8,0x0,0x0,0x0,0x0,0x6,0x0,0x0,
  0x0,0x7,0x4c,0x6f,0x67,0x69,0x6e,0x20,0x3a,0x7,0x0,0x0,0x0,0x11,0x43,0x72,
  0x65,0x64,0x65,0x6e,0x74,0x69,0x61,0x6c,0x73,0x44,0x69,0x61,0x6c,0x6f,0x67,0x1,
  0x3,0x0,0x0,0x0,0x12,0x0,0x50,0x0,0x61,0x0,0x73,0x0,0x73,0x0,0x77,0x0,
  0x6f,0x0,0x72,0x0,0x64,0x0,0x3a,0x8,0x0,0x0,0x0,0x0,0x6,0x0,0x0,0x0,
  0xe,0x4d,0x6f,0x74,0x20,0x64,0x65,0x20,0x70,0x61,0x73,0x73,0x65,0x20,0x3a,0x7,
  0x0,0x0,0x0,0x11,0x43,0x72,0x65,0x64,0x65,0x6e,0x74,0x69,0x61,0x6c,0x73,0x44,
  0x69,0x61,0x6c,0x6f,0x67,0x1,0x3,0x0,0x0,0x0,0x2a,0x0,0x4d,0x0,0x79,0x0,
  0x53,0x0,0x51,0x0,0x4c,0x0,0x20,0x0,0x38,0x0,0x2e,0x0,0x34,0x0,0x2e,0x0,
  0x33,0x0,0x20,0x0,0x69,0x0,0x6e,0x0,0x73,0x0,0x74,0x0,0x61,0x0,0x6c,0x0,
  0x6c,0x0,0x65,0x0,0x64,0x8,0x0,0x0,0x0,0x0,0x6,0x0,0x0,0x0,0x15,0x4d,
  0x79,0x53,0x51,0x4c,0x20,0x38,0x2e,0x34,0x2e,0x33,0x20,0x69,0x6e,0x73,0x74,0x61,
  0x6c,0x6c,0xc3,0xa9,0x7,0x0,0x0,0x0,0x11,0x43,0x72,0x65,0x64,0x65,0x6e,0x74,
  0x69,0x61,0x6c,0x73,0x44,0x69,0x61,0x6c,0x6f,0x67,0x1,0x3,0x0,0x0,0x0,0x1e,
  0x0,0x4d,0x0,0x79,0x0,0x53,0x0,0x51,0x0,0x4c,0x0,0x20,0x0,0x49,0x0,0x6e,
  0x0,0x73,0x0,0x74,0x0,0x61,0x0,0x6c,0x0,0x6c,0x0,0x65,0x0,0x72,0x8,0x0,
  0x0,0x0,0x0,0x6,0x0,0x0,0x0,0xf,0x4d,0x79,0x53,0x51,0x4c,0x20,0x49,0x6e,
  0x73,0x74,0x61,0x6c,0x6c,0x65,0x72,0x7,0x0,0x0,0x0,0x11,0x43,0x72,0x65,0x64,
  0x65,0x6e,0x74,0x69,0x61,0x6c,0x73,0x44,0x69,0x61,0x6c,0x6f,0x67,0x1,0x3,0x0,
  0x0,0x0,0x1e,0x0,0x52,0x0,0x65,0x0,0x70,0x0,0x65,0x0,0x61,0x0,0x74,0x0,
  0x20,0x0,0x70,0x0,0x61,0x0,0x73,0x0,0x73,0x0,0x77,0x0,0x6f,0x0,0x72,0x0,
  0x64,0x8,0x0,0x0,0x0,0x0,0x6,0x0,0x0,0x0,0x19,0x52,0xc3,0xa9,0x70,0xc3,
  0xa9,0x74,0x65,0x7a,0x20,0x6c,0x65,0x20,0x6d,0x6f,0x74,0x20,0x64,0x65,0x20,0x70,
  0x61,0x73,0x73,0x65,0x7,0x0,0x0,0x0,0x11,0x43,0x72,0x65,0x64,0x65,0x6e,0x74,
  0x69,0x61,0x6c,0x73,0x44,0x69,0x61,0x6c,0x6f,0x67,0x1,0x3,0x0,0x0,0x0,0x84,
  0x0,0x45,0x0,0x6e,0x0,0x74,0x0,0x65,0x0,0x72,0x0,0x20,0x0,0x79,0x0,0x6f,
  0x0,0x75,0x0,0x72,0x0,0x20,0x0,0x4d,0x0,0x79,0x0,0x53,0x0,0x51,0x0,0x4c,
  0x0,0x20,0x0,0x63,0x0,0x72,0x0,0x65,0x0,0x64,0x0,0x65,0x0,0x6e,0x0,0x74,
  0x0,0x69,0x0,0x61,0x0,0x6c,0x0,0x73,0x0,0x2e,0x0,0xa,0x0,0x4f,0x0,0x6e,
  0x0,0x6c,0x0,0x79,0x0,0x20,0x0,0x6c,0x0,0x65,0x0,0x74,0x0,0x74,0x0,0x65,
  0x0,0x72,0x0,0x73,0x0,0x20,0x0,0x61,0x0,0x6e,0x0,0x64,0x0,0x20,0x0,0x64,
  0x0,0x69,0x0,0x67,0x0,0x69,0x0,0x74,0x0,0x73,0x0,0x20,0x0,0x61,0x0,0x72,
  0x0,0x65,0x0,0x20,0x0,0x61,0x0,0x6c,0x0,0x6c,0x0,0x6f,0x0,0x77,0x0,0x65,
  0x0,0x64,0x0,0x2e,0x8,0x0,0x0,0x0,0x0,0x6,0x0,0x0,0x0,0x50,0x53,0x61,
  0x69,0x73,0x69,0x73,0x73,0x65,0x7a,0x20,0x76,0x6f,0x73,0x20,0x69,0x64,0x65,0x6e,
  0x74,0x69,0x66,0x69,0x61,0x6e,0x74,0x73,0x20,0x4d,0x79,0x53,0x51,0x4c,0x2e,0xa,
  0x53,0x65,0x75,0x6c,0x73,0x20,0x6c,0x65,0x73,0x20,0x6c,0x65,0x74,0x74,0x72,0x65,
  0x73,0x20,0x65,0x74,0x20,0x63,0x68,0x69,0x66,0x66,0x72,0x65,0x73,0x20,0x73,0x6f,
  0x6e,0x74,0x20,0x61,0x75,0x74,0x6f,0x72,0x69,0x73,0xc3,0xa9,0x73,0x2e,0x7,0x0,
  0x0,0x0,0x11,0x43,0x72,0x65,0x64,0x65,0x6e,0x74,0x69,0x61,0x6c,0x73,0x44,0x69,
  0x61,0x6c,0x6f,0x67,0x1,0x3,0x0,0x0,0x0,0x3a,0x0,0x4d,0x0,0x79,0x0,0x53,
  0x0,0x51,0x0,0x4c,0x0,0x20,0x0,0x65,0x0,0x6e,0x0,0x76,0x0,0x69,0x0,0x72,
  0x0,0x6f,0x0,0x6e,0x0,0x6d,0x0,0x65,0x0,0x6e,0x0,0x74,0x0,0x20,0x0,0x76,
  0x0,0x61,0x0,0x72,0x0,0x69,0x0,0x61,0x0,0x62,0x0,0x6c,0x0,0x65,0x0,0x20,
  0x0,0x4f,0x0,0x4b,0x8,0x0,0x0,0x0,0x0,0x6,0x0,0x0,0x0,0x21,0x56,0x61,
  0x72,0x69,0x61,0x62,0x6c,0x65,0x20,0x64,0x27,0x65,0x6e,0x76,0x69,0x72,0x6f,0x6e,
  0x6e,0x65,0x6d,0x65,0x6e,0x74,0x20,0x4d,0x79,0x53,0x51,0x4c,0x20,0x4f,0x4b,0x7,
  0x0,0x0,0x0,0x11,0x43,0x72,0x65,0x64,0x65,0x6e,0x74,0x69,0x61,0x6c,0x73,0x44,
  0x69,0x61,0x6c,0x6f,0x67,0x1,0x3,0x0,0x0,0x0,0xc,0x0,0x56,0x0,0x65,0x0,
  0x72,0x0,0x69,0x0,0x66,0x0,0x79,0x8,0x0,0x0,0x0,0x0,0x6,0x0,0x0,0x0,
  0x9,0x56,0xc3,0xa9,0x72,0x69,0x66,0x69,0x65,0x72,0x7,0x0,0x0,0x0,0x11,0x43,
  0x72,0x65,0x64,0x65,0x6e,0x74,0x69,0x61,0x6c,0x73,0x44,0x69,0x61,0x6c,0x6f,0x67,
  0x1,0x3,0x0,0x0,0x0,0x36,0x0,0x73,0x0,0x65,0x0,0x63,0x0,0x75,0x0,0x72,
  0x0,0x65,0x0,0x5f,0x0,0x66,0x0,0x69,0x0,0x6c,0x0,0x65,0x0,0x5f,0x0,0x70,
  0x0,0x72,0x0,0x69,0x0,0x76,0x0,0x20,0x0,0x63,0x0,0x6f,0x0,0x6e,0x0,0x66,
  0x0,0x69,0x0,0x67,0x0,0x75,0x0,0x72,0x0,0x65,0x0,0x64,0x8,0x0,0x0,0x0,
  0x0,0x6,0x0,0x0,0x0,0x1b,0x73,0x65,0x63,0x75,0x72,0x65,0x5f,0x66,0x69,0x6c,
  0x65,0x5f,0x70,0x72,0x69,0x76,0x20,0x63,0x6f,0x6e,0x66,0x69,0x67,0x75,0x72,0xc3,
  0xa9,0x7,0x0,0x0,0x0,0x11,0x43,0x72,0x65,0x64,0x65,0x6e,0x74,0x69,0x61,0x6c,
  0x73,0x44,0x69,0x61,0x6c,0x6f,0x67,0x1,0x3,0x0,0x0,0x0,0x26,0x0,0x49,0x0,
  0x6e,0x0,0x73,0x0,0x74,0x0,0x61,0x0,0x6c,0x0,0x6c,0x0,0x61,0x0,0x74,0x0,
  0x69,0x0,0x6f,0x0,0x6e,0x0,0x20,0x0,0x53,0x0,0x74,0x0,0x61,0x0,0x74,0x0,
  0x75,0x0,0x73,0x8,0x0,0x0,0x0,0x0,0x6,0x0,0x0,0x0,0x17,0xc3,0x89,0x74,
  0x61,0x74,0x20,0x64,0x65,0x20,0x6c,0x27,0x69,0x6e,0x73,0x74,0x61,0x6c,0x6c,0x61,
  0x74,0x69,0x6f,0x6e,0x7,0x0,0x0,0x0,0x11,0x43,0x72,0x65,0x64,0x65,0x6e,0x74,
  0x69,0x61,0x6c,0x73,0x44,0x69,0x61,0x6c,0x6f,0x67,0x1,0x3,0x0,0x0,0x0,0x1e,
  0x0,0x4d,0x0,0x79,0x0,0x53,0x0,0x51,0x0,0x4c,0x0,0x20,0x0,0x49,0x0,0x6e,
  0x0,0x73,0x0,0x74,0x0,0x61,0x0,0x6c,0x0,0x6c,0x0,0x65,0x0,0x72,0x8,0x0,
  0x0,0x0,0x0,0x6,0x0,0x0,0x0,0xf,0x4d,0x79,0x53,0x51,0x4c,0x20,0x49,0x6e,
  0x73,0x74,0x61,0x6c,0x6c,0x65,0x72,0x7,0x0,0x0,0x0,0xe,0x50,0x72,0x6f,0x67,
  0x72,0x65,0x73,0x73,0x44,0x69,0x61,0x6c,0x6f,0x67,0x1,0x3,0x0,0x0,0x0,0x8a,
  0x0,0x54,0x0,0x68,0x0,0x69,0x0,0x73,0x0,0x20,0x0,0x70,0x0,0x72,0x0,0x6f,
  0x0,0x67,0x0,0x72,0x0,0x61,0x0,0x6d,0x0,0x20,0x0,0x72,0x0,0x65,0x0,0x71,
  0x0,0x75,0x0,0x69,0x0,0x72,0x0,0x65,0x0,0x73,0x0,0x20,0x0,0x57,0x0,0x69,
  0x0,0x6e,0x0,0x64,0x0,0x6f,0x0,0x77,0x0,0x73,0x0,0x20,0x0,0x31,0x0,0x30,
  0x0,0x20,0x0,0x6f,0x0,0x72,0x0,0x20,0x0,0x57,0x0,0x69,0x0,0x6e,0x0,0x64,
  0x0,0x6f,0x0,0x77,0x0,0x73,0x0,0x20,0x0,0x31,0x0,0x31,0x0,0x2e,0x0,0xa,
  0x0,0x44,0x0,0x65,0x0,0x74,0x0,0x65,0x0,0x63,0x0,0x74,0x0,0x65,0x0,0x64,
  0x0,0x20,0x0,0x76,0x0,0x65,0x0,0x72,0x0,0x73,0x0,0x69,0x0,0x6f,0x0,0x6e,
  0x0,0x3a,0x0,0x20,0x0,0x25,0x0,0x31,0x0,0x2e,0x8,0x0,0x0,0x0,0x0,0x6,
  0x0,0x0,0x0,0x4a,0x43,0x65,0x20,0x70,0x72,0x6f,0x67,0x72,0x61,0x6d,0x6d,0x65,
  0x20,0x6e,0xc3,0xa9,0x63,0x65,0x73,0x73,0x69,0x74,0x65,0x20,0x57,0x69,0x6e,0x64,
  0x6f,0x77,0x73,0x20,0x31,0x30,0x20,0x6f,0x75,0x20,0x57,0x69,0x6e,0x64,0x6f,0x77,
  0x73,0x20,0x31,0x31,0x2e,0xa,0x56,0x65,0x72,0x73,0x69,0x6f,0x6e,0x20,0x64,0xc3,
  0xa9,0x74,0x65,0x63,0x74,0xc3,0xa9,0x65,0x20,0x3a,0x20,0x25,0x31,0x2e,0x7,0x0,
  0x0,0x0,0x4,0x6d,0x61,0x69,0x6e,0x1,0x3,0x0,0x0,0x0,0x96,0x0,0x54,0x0,
  0x68,0x0,0x69,0x0,0x73,0x0,0x20,0x0,0x70,0x0,0x72,0x0,0x6f,0x0,0x67,0x0,
  0x72,0x0,0x61,0x0,0x6d,0x0,0x20,0x0,0x72,0x0,0x65,0x0,0x71,0x0,0x75,0x0,
  0x69,0x0,0x72,0x0,0x65,0x0,0x73,0x0,0x20,0x0,0x6d,0x0,0x61,0x0,0x63,0x0,
  0x4f,0x0,0x53,0x0,0x20,0x0,0x4d,0x0,0x6f,0x0,0x6e,0x0,0x74,0x0,0x65,0x0,
  0x72,0x0,0x65,0x0,0x79,0x0,0x20,0x0,0x28,0x0,0x31,0x0,0x32,0x0,0x2e,0x0,
  0x30,0x0,0x29,0x0,0x20,0x0,0x6f,0x0,0x72,0x0,0x20,0x0,0x6c,0x0,0x61,0x0,
  0x74,0x0,0x65,0x0,0x72,0x0,0x2e,0x0,0xa,0x0,0x44,0x0,0x65,0x0,0x74,0x0,
  0x65,0x0,0x63,0x0,0x74,0x0,0x65,0x0,0x64,0x0,0x20,0x0,0x76,0x0,0x65,0x0,
  0x72,0x0,0x73,0x0,0x69,0x0,0x6f,0x0,0x6e,0x0,0x3a,0x0,0x20,0x0,0x25,0x0,
  0x31,0x0,0x2e,0x8,0x0,0x0,0x0,0x0,0x6,0x0,0x0,0x0,0x62,0x43,0x65,0x20,
  0x70,0x72,0x6f,0x67,0x72,0x61,0x6d,0x6d,0x65,0x20,0x6e,0xc3,0xa9,0x63,0x65,0x73,
  0x73,0x69,0x74,0x65,0x20,0x6d,0x61,0x63,0x4f,0x53,0x20,0x4d,0x6f,0x6e,0x74,0x65,
  0x72,0x65,0x79,0x20,0x28,0x31,0x32,0x2e,0x30,0x29,0x20,0x6f,0x75,0x20,0x75,0x6e,
  0x65,0x20,0x76,0x65,0x72,0x73,0x69,0x6f,0x6e,0x20,0x75,0x6c,0x74,0xc3,0xa9,0x72,
  0x69,0x65,0x75,0x72,0x65,0x2e,0xa,0x56,0x65,0x72,0x73,0x69,0x6f,0x6e,0x20,0x64,
  0xc3,0xa9,0x74,0x65,0x63,0x74,0xc3,0xa9,0x65,0x20,0x3a,0x20,0x25,0x31,0x2e,0x7,
  0x0,0x0,0x0,0x4,0x6d,0x61,0x69,0x6e,0x1,0x3,0x0,0x0,0x0,0x26,0x0,0x49,
  0x0,0x6e,0x0,0x63,0x0,0x6f,0x0,0x6d,0x0,0x70,0x0,0x61,0x0,0x74,0x0,0x69,
  0x0,0x62,0x0,0x6c,0x0,0x65,0x0,0x20,0x0,0x53,0x0,0x79,0x0,0x73,0x0,0x74,
  0x0,0x65,0x0,0x6d,0x8,0x0,0x0,0x0,0x0,0x6,0x0,0x0,0x0,0x17,0x53,0x79,
  0x73,0x74,0xc3,0xa8,0x6d,0x65,0x20,0x6e,0x6f,0x6e,0x20,0x63,0x6f,0x6d,0x70,0x61,
  0x74,0x69,0x62,0x6c,0x65,0x7,0x0,0x0,0x0,0x4,0x6d,0x61,0x69,0x6e,0x1,0x88,
  0x0,0x0,0x0,0x2,0x1,0x1,
    // mysql_installer_pt.qm
  0x0,0x0,0x31,0x89,
  0x3c,
  0xb8,0x64,0x18,0xca,0xef,0x9c,0x95,0xcd,0x21,0x1c,0xbf,0x60,0xa1,0xbd,0xdd,0xa7,
  0x0,0x0,0x0,0x5,0x70,0x74,0x5f,0x42,0x52,0x42,0x0,0x0,0x2,0x0,0x0,0x8f,
  0xad,0x22,0x0,0x0,0x2b,0x95,0x0,0xaf,0x8b,0x16,0x0,0x0,0x16,0x57,0x0,0xec,
  0x35,0xa,0x0,0x0,0x28,0xbf,0x0,0xff,0x81,0x7e,0x0,0x0,0x28,0x5,0x1,0xf,
  0x41,0xee,0x0,0x0,0x2,0x26,0x2,0x6,0x86,0xce,0x0,0x0,0x4,0xb,0x2,0x29,
  0xd4,0x53,0x0,0x0,0x21,0x2c,0x2,0x39,0xd4,0x53,0x0,0x0,0x21,0xb4,0x2,0x90,
  0x97,0x65,0x0,0x0,0x14,0xde,0x2,0xfa,0x4e,0x72,0x0,0x0,0x29,0x64,0x2,0xfa,
  0x4e,0x72,0x0,0x0,0x2c,0xb4,0x2,0xff,0x4b,0x6e,0x0,0x0,0x1a,0xb1,0x3,0x3,
  0xd2,0x92,0x0,0x0,0x0,0x0,0x3,0x10,0xc2,0x7b,0x0,0x0,0x2b,0x14,0x3,0x5e,
  0x0,0x6a,0x0,0x0,0x28,0x82,0x3,0xf6,0xd2,0x2e,0x0,0x0,0x11,0x80,0x4,0x5c,
  0x50,0x15,0x0,0x0,0x29,0xb7,0x4,0x7c,0x85,0x99,0x0,0x0,0xb,0xdf,0x4,0xa4,
  0x1c,0x66,0x0,0x0,0xd,0xde,0x4,0xd3,0x20,0xee,0x0,0x0,0x2a,0x12,0x5,0x4,
  0x68,0x23,0x0,0x0,0x25,0x94,0x5,0x44,0xce,0x9e,0x0,0x0,0xa,0x95,0x5,0x7b,
  0x45,0xfe,0x0,0x0,0x2d,0xef,0x5,0x9e,0x7f,0x85,0x0,0x0,0x27,0x73,0x5,0xba,
  0x35,0x7e,0x0,0x0,0xe,0x8c,0x5,0xed,0x39,0x79,0x0,0x0,0x28,0xff,0x6,0x18,
  0x6d,0x1e,0x0,0x0,0x7,0x18,0x7,0x2b,0xba,0x9e,0x0,0x0,0x9,0xdc,0x7,0xa8,
  0x69,0xde,0x0,0x0,0x26,0x1c,0x7,0xae,0xe3,0xce,0x0,0x0,0xb,0x27,0x7,0xb4,
  0x8a,0xb6,0x0,0x0,0xc,0xe8,0x8,0xe,0x89,0x6e,0x0,0x0,0x26,0xc6,0x8,0x30,
  0xb0,0x4c,0x0,0x0,0x23,0xeb,0x8,0x55,0xc2,0x82,0x0,0x0,0x1,0xed,0x8,0x55,
  0xc2,0x82,0x0,0x0,0x22,0x3c,0x8,0x61,0x10,0xce,0x0,0x0,0x8,0xa7,0x8,0x78,
  0x65,0xb5,0x0,0x0,0x18,0x1e,0x8,0xf9,0xfc,0xa9,0x0,0x0,0x0,0xe6,0x9,0xa,
  0xe,0xcf,0x0,0x0,0x13,0x49,0x9,0x63,0xfe,0x9e,0x0,0x0,0x22,0x79,0x9,0x66,
  0x9b,0x5,0x0,0x0,0x24,0x43,0xa,0x26,0x1d,0x6e,0x0,0x0,0x6,0x3b,0xa,0x29,
  0x39,0xb6,0x0,0x0,0xd,0x5a,0xa,0x4b,0x7a,0x7e,0x0,0x0,0x2c,0x4f,0xa,0x76,
  0xe,0x46,0x0,0x0,0x17,0x70,0xa,0x7e,0x40,0x2e,0x0,0x0,0x19,0x26,0xa,0x9b,
  0xe4,0x99,0x0,0x0,0x2b,0xd6,0xa,0xce,0x27,0xae,0x0,0x0,0x10,0x9,0xb,0x35,
  0xb,0x7e,0x0,0x0,0x9,0x2,0xb,0xa5,0xf0,0x99,0x0,0x0,0x15,0x4d,0xc,0x33,
  0x49,0x5c,0x0,0x0,0x12,0xf3,0xc,0x50,0x94,0x23,0x0,0x0,0x8,0x19,0xc,0xac,
  0x62,0x32,0x0,0x0,0x16,0x1d,0xc,0xe2,0xc6,0xe3,0x0,0x0,0x18,0x99,0xd,0xde,
  0xd6,0x44,0x0,0x0,0x1,0x44,0xe,0x2,0xf0,0xee,0x0,0x0,0x1b,0xff,0xe,0x32,
  0x79,0x2c,0x0,0x0,0x24,0x8f,0xe,0x72,0x3,0x76,0x0,0x0,0x16,0xe0,0xe,0xbd,
  0xf0,0xee,0x0,0x0,0x14,0x34,0xe,0xe3,0x6d,0xaa,0x0,0x0,0x23,0xa3,0xf,0xa,
  0xef,0xde,0x0,0x0,0x2d,0x4,0xf,0x1e,0x4f,0xb9,0x0,0x0,0x24,0xed,0xf,0x44,
  0x5,0x35,0x0,0x0,0x2f,0x6,0xf,0xeb,0x54,0x36,0x0,0x0,0x15,0xbf,0x69,0x0,
  0x0,0x2f,0x5e,0x3,0x0,0x0,0x0,0x46,0x0,0x25,0x0,0x6e,0x0,0x20,0x0,0x70,
  0x0,0x72,0x0,0x69,0x0,0x76,0x0,0x69,0x0,0x6c,0x0,0xe9,0x0,0x67,0x0,0x69,
  0x0,0x6f,0x0,0x20,0x0,0x61,0x0,0x75,0x0,0x73,0x0,0x65,0x0,0x6e,0x0,0x74,
  0x0,0x65,0x0,0x20,0x0,0x70,0x0,0x61,0x0,0x72,0x0,0x61,0x0,0x20,0x0,0x22,
  0x0,0x25,0x0,0x31,0x0,0x22,0x0,0x3a,0x0,0x20,0x0,0x25,0x0,0x32,0x3,0x0,
  0x0,0x0,0x4a,0x0,0x25,0x0,0x6e,0x0,0x20,0x0,0x70,0x0,0x72,0x0,0x69,0x0,
  0x76,0x0,0x69,0x0,0x6c,0x0,0xe9,0x0,0x67,0x0,0x69,0x0,0x6f,0x0,0x73,0x0,
  0x20,0x0,0x61,0x0,0x75,0x0,0x73,0x0,0x65,0x0,0x6e,0x0,0x74,0x0,0x65,0x0,
  0x73,0x0,0x20,0x0,0x70,0x0,0x61,0x0,0x72,0x0,0x61,0x0,0x20,0x0,0x22,0x0,
  0x25,0x0,0x31,0x0,0x22,0x0,0x3a,0x0,0x20,0x0,0x25,0x0,0x32,0x8,0x0,0x0,
  0x0,0x0,0x6,0x0,0x0,0x0,0x2f,0x25,0x6e,0x20,0x70,0x72,0x69,0x76,0x69,0x6c,
  0xc3,0xa8,0x67,0x65,0x28,0x73,0x29,0x20,0x6d,0x61,0x6e,0x71,0x75,0x61,0x6e,0x74,
  0x28,0x73,0x29,0x20,0x70,0x6f,0x75,0x72,0x20,0xc2,0xab,0x20,0x25,0x31,0x20,0xc2,
  0xbb,0x20,0x3a,0x20,0x25,0x32,0x7,0x0,0x0,0x0,0xd,0x41,0x70,0x70,0x43,0x6f,
  0x6e,0x74,0x72,0x6f,0x6c,0x6c,0x65,0x72,0x1,0x3,0x0,0x0,0x0,0x2a,0x0,0x28,
  0x0,0x76,0x0,0x65,0x0,0x72,0x0,0x73,0x0,0xe3,0x0,0x6f,0x0,0x20,0x0,0x64,
  0x0,0x65,0x0,0x73,0x0,0x63,0x0,0x6f,0x0,0x6e,0x0,0x68,0x0,0x65,0x0,0x63,
  0x0,0x69,0x0,0x64,0x0,0x61,0x0,0x29,0x8,0x0,0x0,0x0,0x0,0x6,0x0,0x0,
  0x0,0x12,0x28,0x76,0x65,0x72,0x73,0x69,0x6f,0x6e,0x20,0x69,0x6e,0x63,0x6f,0x6e,
  0x6e,0x75,0x65,0x29,0x7,0x0,0x0,0x0,0xd,0x41,0x70,0x70,0x43,0x6f,0x6e,0x74,
  0x72,0x6f,0x6c,0x6c,0x65,0x72,0x1,0x3,0x0,0x0,0x0,0x5c,0x0,0x41,0x0,0x63,
  0x0,0x65,0x0,0x73,0x0,0x73,0x0,0x6f,0x0,0x20,0x0,0x74,0x0,0x6f,0x0,0x74,
  0x0,0x61,0x0,0x6c,0x0,0x20,0x0,0x61,0x0,0x6f,0x0,0x20,0x0,0x64,0x0,0x69,
  0x0,0x73,0x0,0x63,0x0,0x6f,0x0,0x20,0x0,0x6e,0x0,0x65,0x0,0x63,0x0,0x65,
  0x0,0x73,0x0,0x73,0x0,0xe1,0x0,0x72,0x0,0x69,0x0,0x6f,0x0,0x20,0x0,0x70,
  0x0,0x61,0x0,0x72,0x0,0x61,0x0,0x20,0x0,0x6f,0x0,0x20,0x0,0x6d,0x0,0x79,
  0x0,0x73,0x0,0x71,0x0,0x6c,0x0,0x64,0x8,0x0,0x0,0x0,0x0,0x6,0x0,0x0,
  0x0,0x2b,0x41,0x63,0x63,0xc3,0xa8,0x73,0x20,0x63,0x6f,0x6d,0x70,0x6c,0x65,0x74,
  0x20,0x61,0x75,0x20,0x64,0x69,0x73,0x71,0x75,0x65,0x20,0x72,0x65,0x71,0x75,0x69,
  0x73,0x20,0x70,0x6f,0x75,0x72,0x20,0x6d,0x79,0x73,0x71,0x6c,0x64,0x7,0x0,0x0,
  0x0,0xd,0x41,0x70,0x70,0x43,0x6f,0x6e,0x74,0x72,0x6f,0x6c,0x6c,0x65,0x72,0x1,
  0x3,0x0,0x0,0x0,0x10,0x0,0x43,0x0,0x61,0x0,0x6e,0x0,0x63,0x0,0x65,0x0,
  0x6c,0x0,0x61,0x0,0x72,0x8,0x0,0x0,0x0,0x0,0x6,0x0,0x0,0x0,0x7,0x41,
  0x6e,0x6e,0x75,0x6c,0x65,0x72,0x7,0x0,0x0,0x0,0xd,0x41,0x70,0x70,0x43,0x6f,
  0x6e,0x74,0x72,0x6f,0x6c,0x6c,0x65,0x72,0x1,0x3,0x0,0x0,0x1,0x22,0x0,0x45,
  0x0,0x73,0x0,0x74,0x0,0x65,0x0,0x20,0x0,0x70,0x0,0x72,0x0,0x6f,0x0,0x67,
  0x0,0x72,0x0,0x61,0x0,0x6d,0x0,0x61,0x0,0x20,0x0,0x64,0x0,0x65,0x0,0x76,
  0x0,0x65,0x0,0x20,0x0,0x73,0x0,0x65,0x0,0x72,0x0,0x20,0x0,0x65,0x0,0x78,
  0x0,0x65,0x0,0x63,0x0,0x75,0x0,0x74,0x0,0x61,0x0,0x64,0x0,0x6f,0x0,0x20,
  0x0,0x63,0x0,0x6f,0x0,0x6d,0x0,0x6f,0x0,0x20,0x0,0x61,0x0,0x64,0x0,0x6d,
  0x0,0x69,0x0,0x6e,0x0,0x69,0x0,0x73,0x0,0x74,0x0,0x72,0x0,0x61,0x0,0x64,
  0x0,0x6f,0x0,0x72,0x0,0x2e,0x0,0xa,0x0,0xa,0x0,0x43,0x0,0x6c,0x0,0x69,
  0x0,0x71,0x0,0x75,0x0,0x65,0x0,0x20,0x0,0x63,0x0,0x6f,0x0,0x6d,0x0,0x20,
  0x0,0x6f,0x0,0x20,0x0,0x62,0x0,0x6f,0x0,0x74,0x0,0xe3,0x0,0x6f,0x0,0x20,
  0x0,0x64,0x0,0x69,0x0,0x72,0x0,0x65,0x0,0x69,0x0,0x74,0x0,0x6f,0x0,0x20,
  0x0,0x6e,0x0,0x6f,0x0,0x20,0x0,0x61,0x0,0x70,0x0,0x6c,0x0,0x69,0x0,0x63,
  0x0,0x61,0x0,0x74,0x0,0x69,0x0,0x76,0x0,0x6f,0x0,0x2c,0x0,0x20,0x0,0x65,
  0x0,0x73,0x0,0x63,0x0,0x6f,0x0,0x6c,0x0,0x68,0x0,0x61,0x0,0x20,0x0,0x22,
  0x0,0x45,0x0,0x78,0x0,0x65,0x0,0x63,0x0,0x75,0x0,0x74,0x0,0x61,0x0,0x72,
  0x0,0x20,0x0,0x63,0x0,0x6f,0x0,0x6d,0x0,0x6f,0x0,0x20,0x0,0x61,0x0,0x64,
  0x0,0x6d,0x0,0x69,0x0,0x6e,0x0,0x69,0x0,0x73,0x0,0x74,0x0,0x72,0x0,0x61,
  0x0,0x64,0x0,0x6f,0x0,0x72,0x0,0x22,0x0,0x20,0x0,0x65,0x0,0x20,0x0,0x72,
  0x0,0x65,0x0,0x69,0x0,0x6e,0x0,0x69,0x0,0x63,0x0,0x69,0x0,0x65,0x0,0x2e,
  0x8,0x0,0x0,0x0,0x0,0x6,0x0,0x0,0x0,0xa1,0x43,0x65,0x20,0x70,0x72,0x6f,
  0x67,0x72,0x61,0x6d,0x6d,0x65,0x20,0x64,0x6f,0x69,0x74,0x20,0xc3,0xaa,0x74,0x72,
  0x65,0x20,0x65,0x78,0xc3,0xa9,0x63,0x75,0x74,0xc3,0xa9,0x20,0x65,0x6e,0x20,0x74,
  0x61,0x6e,0x74,0x20,0x71,0x75,0x27,0x61,0x64,0x6d,0x69,0x6e,0x69,0x73,0x74,0x72,
  0x61,0x74,0x65,0x75,0x72,0x2e,0xa,0xa,0x46,0x61,0x69,0x74,0x65,0x73,0x20,0x75,
  0x6e,0x20,0x63,0x6c,0x69,0x63,0x20,0x64,0x72,0x6f,0x69,0x74,0x20,0x73,0x75,0x72,
  0x20,0x6c,0x27,0x61,0x70,0x70,0x6c,0x69,0x63,0x61,0x74,0x69,0x6f,0x6e,0x20,0x70,
  0x75,0x69,0x73,0x20,0xc2,0xab,0x20,0x45,0x78,0xc3,0xa9,0x63,0x75,0x74,0x65,0x72,
  0x20,0x65,0x6e,0x20,0x74,0x61,0x6e,0x74,0x20,0x71,0x75,0x27,0x61,0x64,0x6d,0x69,
  0x6e,0x69,0x73,0x74,0x72,0x61,0x74,0x65,0x75,0x72,0x20,0xc2,0xbb,0x2c,0x20,0x65,
  0x74,0x20,0x72,0x65,0x6c,0x61,0x6e,0x63,0x65,0x7a,0x2e,0x7,0x0,0x0,0x0,0xd,
  0x41,0x70,0x70,0x43,0x6f,0x6e,0x74,0x72,0x6f,0x6c,0x6c,0x65,0x72,0x1,0x3,0x0,
  0x0,0x1,0x54,0x0,0x45,0x0,0x73,0x0,0x74,0x0,0x65,0x0,0x20,0x0,0x70,0x0,
  0x72,0x0,0x6f,0x0,0x67,0x0,0x72,0x0,0x61,0x0,0x6d,0x0,0x61,0x0,0x20,0x0,
  0x64,0x0,0x65,0x0,0x76,0x0,0x65,0x0,0x20,0x0,0x73,0x0,0x65,0x0,0x72,0x0,
  0x20,0x0,0x69,0x0,0x6e,0x0,0x69,0x0,0x63,0x0,0x69,0x0,0x61,0x0,0x64,0x0,
  0x6f,0x0,0x20,0x0,0x70,0x0,0x6f,0x0,0x72,0x0,0x20,0x0,0x75,0x0,0x6d,0x0,
  0x20,0x0,0x75,0x0,0x73,0x0,0x75,0x0,0xe1,0x0,0x72,0x0,0x69,0x0,0x6f,0x0,
  0x20,0x0,0x61,0x0,0x64,0x0,0x6d,0x0,0x69,0x0,0x6e,0x0,0x69,0x0,0x73,0x0,
  0x74,0x0,0x72,0x0,0x61,0x0,0x64,0x0,0x6f,0x0,0x72,0x0,0x20,0x0,0x64,0x0,
  0x6f,0x0,0x20,0x0,0x6d,0x0,0x61,0x0,0x63,0x0,0x4f,0x0,0x53,0x0,0x2e,0x0,
  0xa,0x0,0xa,0x0,0x46,0x0,0x61,0x0,0xe7,0x0,0x61,0x0,0x20,0x0,0x6c,0x0,
  0x6f,0x0,0x67,0x0,0x69,0x0,0x6e,0x0,0x20,0x0,0x63,0x0,0x6f,0x0,0x6d,0x0,
  0x20,0x0,0x75,0x0,0x6d,0x0,0x61,0x0,0x20,0x0,0x63,0x0,0x6f,0x0,0x6e,0x0,
  0x74,0x0,0x61,0x0,0x20,0x0,0x64,0x0,0x65,0x0,0x20,0x0,0x61,0x0,0x64,0x0,
  0x6d,0x0,0x69,0x0,0x6e,0x0,0x69,0x0,0x73,0x0,0x74,0x0,0x72,0x0,0x61,0x0,
  0x64,0x0,0x6f,0x0,0x72,0x0,0x20,0x0,0x28,0x0,0x6f,0x0,0x75,0x0,0x20,0x0,
  0x70,0x0,0x65,0x0,0xe7,0x0,0x61,0x0,0x20,0x0,0x61,0x0,0x20,0x0,0x75,0x0,
  0x6d,0x0,0x20,0x0,0x61,0x0,0x64,0x0,0x6d,0x0,0x69,0x0,0x6e,0x0,0x69,0x0,
  0x73,0x0,0x74,0x0,0x72,0x0,0x61,0x0,0x64,0x0,0x6f,0x0,0x72,0x0,0x20,0x0,
  0x70,0x0,0x61,0x0,0x72,0x0,0x61,0x0,0x20,0x0,0x65,0x0,0x78,0x0,0x65,0x0,
  0x63,0x0,0x75,0x0,0x74,0x0,0xe1,0x0,0x2d,0x0,0x6c,0x0,0x6f,0x0,0x29,0x0,
  0x20,0x0,0x65,0x0,0x20,0x0,0x72,0x0,0x65,0x0,0x69,0x0,0x6e,0x0,0x69,0x0,
  0x63,0x0,0x69,0x0,0x65,0x0,0x2e,0x8,0x0,0x0,0x0,0x0,0x6,0x0,0x0,0x0,
  0xba,0x43,0x65,0x20,0x70,0x72,0x6f,0x67,0x72,0x61,0x6d,0x6d,0x65,0x20,0x64,0x6f,
  0x69,0x74,0x20,0xc3,0xaa,0x74,0x72,0x65,0x20,0x6c,0x61,0x6e,0x63,0xc3,0xa9,0x20,
  0x70,0x61,0x72,0x20,0x75,0x6e,0x20,0x75,0x74,0x69,0x6c,0x69,0x73,0x61,0x74,0x65,
  0x75,0x72,0x20,0x61,0x64,0x6d,0x69,0x6e,0x69,0x73,0x74,0x72,0x61,0x74,0x65,0x75,
  0x72,0x20,0x64,0x65,0x20,0x6d,0x61,0x63,0x4f,0x53,0x2e,0xa,0xa,0x43,0x6f,0x6e,
  0x6e,0x65,0x63,0x74,0x65,0x7a,0x2d,0x76,0x6f,0x75,0x73,0x20,0x61,0x76,0x65,0x63,
  0x20,0x75,0x6e,0x20,0x63,0x6f,0x6d,0x70,0x74,0x65,0x20,0x61,0x64,0x6d,0x69,0x6e,
  0x69,0x73,0x74,0x72,0x61,0x74,0x65,0x75,0x72,0x20,0x28,0x6f,0x75,0x20,0x64,0x65,
  0x6d,0x61,0x6e,0x64,0x65,0x7a,0x20,0xc3,0xa0,0x20,0x75,0x6e,0x20,0x61,0x64,0x6d,
  0x69,0x6e,0x69,0x73,0x74,0x72,0x61,0x74,0x65,0x75,0x72,0x20,0x64,0x65,0x20,0x6c,
  0x27,0x65,0x78,0xc3,0xa9,0x63,0x75,0x74,0x65,0x72,0x29,0x2c,0x20,0x70,0x75,0x69,
  0x73,0x20,0x72,0x65,0x6c,0x61,0x6e,0x63,0x65,0x7a,0x2e,0x7,0x0,0x0,0x0,0xd,
  0x41,0x70,0x70,0x43,0x6f,0x6e,0x74,0x72,0x6f,0x6c,0x6c,0x65,0x72,0x1,0x3,0x0,
  0x0,0x0,0x76,0x0,0x45,0x0,0x73,0x0,0x74,0x0,0x65,0x0,0x20,0x0,0x70,0x0,
  0x72,0x0,0x6f,0x0,0x67,0x0,0x72,0x0,0x61,0x0,0x6d,0x0,0x61,0x0,0x20,0x0,
  0x72,0x0,0x65,0x0,0x71,0x0,0x75,0x0,0x65,0x0,0x72,0x0,0x20,0x0,0x75,0x0,
  0x6d,0x0,0x61,0x0,0x20,0x0,0x76,0x0,0x65,0x0,0x72,0x0,0x73,0x0,0xe3,0x0,
  0x6f,0x0,0x20,0x0,0x64,0x0,0x6f,0x0,0x20,0x0,0x55,0x0,0x62,0x0,0x75,0x0,
  0x6e,0x0,0x74,0x0,0x75,0x0,0x20,0x0,0x73,0x0,0x75,0x0,0x70,0x0,0x65,0x0,
  0x72,0x0,0x69,0x0,0x6f,0x0,0x72,0x0,0x20,0x0,0x61,0x0,0x20,0x0,0x32,0x0,
  0x32,0x0,0x2e,0x0,0x30,0x0,0x34,0x0,0x2e,0x8,0x0,0x0,0x0,0x0,0x6,0x0,
  0x0,0x0,0x45,0x43,0x65,0x20,0x70,0x72,0x6f,0x67,0x72,0x61,0x6d,0x6d,0x65,0x20,
  0x6e,0xc3,0xa9,0x63,0x65,0x73,0x73,0x69,0x74,0x65,0x20,0x55,0x62,0x75,0x6e,0x74,
  0x75,0x20,0x64,0x61,0x6e,0x73,0x20,0x75,0x6e,0x65,0x20,0x76,0x65,0x72,0x73,0x69,
  0x6f,0x6e,0x20,0x73,0x75,0x70,0xc3,0xa9,0x72,0x69,0x65,0x75,0x72,0x65,0x20,0xc3,
  0xa0,0x20,0x32,0x32,0x2e,0x30,0x34,0x2e,0x7,0x0,0x0,0x0,0xd,0x41,0x70,0x70,
  0x43,0x6f,0x6e,0x74,0x72,0x6f,0x6c,0x6c,0x65,0x72,0x1,0x3,0x0,0x0,0x0,0x8c,
  0x0,0x4e,0x0,0xe3,0x0,0x6f,0x0,0x20,0x0,0xe9,0x0,0x20,0x0,0x70,0x0,0x6f,
  0x0,0x73,0x0,0x73,0x0,0xed,0x0,0x76,0x0,0x65,0x0,0x6c,0x0,0x20,0x0,0x63,
  0x0,0x6f,0x0,0x6e,0x0,0x65,0x0,0x63,0x0,0x74,0x0,0x61,0x0,0x72,0x0,0x20,
  0x0,0x63,0x0,0x6f,0x0,0x6d,0x0,0x20,0x0,0x6f,0x0,0x20,0x0,0x6c,0x0,0x6f,
  0x0,0x67,0x0,0x69,0x0,0x6e,0x0,0x20,0x0,0x22,0x0,0x25,0x0,0x31,0x0,0x22,
  0x0,0x2e,0x0,0xa,0x0,0x56,0x0,0x65,0x0,0x72,0x0,0x69,0x0,0x66,0x0,0x69,
  0x0,0x71,0x0,0x75,0x0,0x65,0x0,0x20,0x0,0x6f,0x0,0x20,0x0,0x6c,0x0,0x6f,
  0x0,0x67,0x0,0x69,0x0,0x6e,0x0,0x20,0x0,0x65,0x0,0x20,0x0,0x61,0x0,0x20,
  0x0,0x73,0x0,0x65,0x0,0x6e,0x0,0x68,0x0,0x61,0x0,0x2e,0x8,0x0,0x0,0x0,
  0x0,0x6,0x0,0x0,0x0,0x53,0x43,0x6f,0x6e,0x6e,0x65,0x78,0x69,0x6f,0x6e,0x20,
  0x69,0x6d,0x70,0x6f,0x73,0x73,0x69,0x62,0x6c,0x65,0x20,0x61,0x76,0x65,0x63,0x20,
  0x6c,0x65,0x20,0x6c,0x6f,0x67,0x69,0x6e,0x20,0xc2,0xab,0x20,0x25,0x31,0x20,0xc2,
  0xbb,0x2e,0xa,0x56,0xc3,0xa9,0x72,0x69,0x66,0x69,0x65,0x7a,0x20,0x6c,0x65,0x20,
  0x6c,0x6f,0x67,0x69,0x6e,0x20,0x65,0x74,0x20,0x6c,0x65,0x20,0x6d,0x6f,0x74,0x20,
  0x64,0x65,0x20,0x70,0x61,0x73,0x73,0x65,0x2e,0x7,0x0,0x0,0x0,0xd,0x41,0x70,
  0x70,0x43,0x6f,0x6e,0x74,0x72,0x6f,0x6c,0x6c,0x65,0x72,0x1,0x3,0x0,0x0,0x0,
  0x50,0x0,0x50,0x0,0x72,0x0,0x69,0x0,0x76,0x0,0x69,0x0,0x6c,0x0,0xe9,0x0,
  0x67,0x0,0x69,0x0,0x6f,0x0,0x73,0x0,0x20,0x0,0x64,0x0,0x65,0x0,0x20,0x0,
  0x61,0x0,0x64,0x0,0x6d,0x0,0x69,0x0,0x6e,0x0,0x69,0x0,0x73,0x0,0x74,0x0,
  0x72,0x0,0x61,0x0,0x64,0x0,0x6f,0x0,0x72,0x0,0x20,0x0,0x6e,0x0,0x65,0x0,
  0x63,0x0,0x65,0x0,0x73,0x0,0x73,0x0,0xe1,0x0,0x72,0x0,0x69,0x0,0x6f,0x0,
  0x73,0x8,0x0,0x0,0x0,0x0,0x6,0x0,0x0,0x0,0x1c,0x44,0x72,0x6f,0x69,0x74,
  0x73,0x20,0x61,0x64,0x6d,0x69,0x6e,0x69,0x73,0x74,0x72,0x61,0x74,0x65,0x75,0x72,
  0x20,0x72,0x65,0x71,0x75,0x69,0x73,0x7,0x0,0x0,0x0,0xd,0x41,0x70,0x70,0x43,
  0x6f,0x6e,0x74,0x72,0x6f,0x6c,0x6c,0x65,0x72,0x1,0x3,0x0,0x0,0x0,0x24,0x0,
  0x45,0x0,0x72,0x0,0x72,0x0,0x6f,0x0,0x20,0x0,0x64,0x0,0x65,0x0,0x20,0x0,
  0x69,0x0,0x6e,0x0,0x73,0x0,0x74,0x0,0x61,0x0,0x6c,0x0,0x61,0x0,0xe7,0x0,
  0xe3,0x0,0x6f,0x8,0x0,0x0,0x0,0x0,0x6,0x0,0x0,0x0,0x15,0x45,0x72,0x72,
  0x65,0x75,0x72,0x20,0x64,0x27,0x69,0x6e,0x73,0x74,0x61,0x6c,0x6c,0x61,0x74,0x69,
  0x6f,0x6e,0x7,0x0,0x0,0x0,0xd,0x41,0x70,0x70,0x43,0x6f,0x6e,0x74,0x72,0x6f,
  0x6c,0x6c,0x65,0x72,0x1,0x3,0x0,0x0,0x0,0x7c,0x0,0x4e,0x0,0xe3,0x0,0x6f,
  0x0,0x20,0x0,0x66,0x0,0x6f,0x0,0x69,0x0,0x20,0x0,0x70,0x0,0x6f,0x0,0x73,
  0x0,0x73,0x0,0xed,0x0,0x76,0x0,0x65,0x0,0x6c,0x0,0x20,0x0,0x61,0x0,0x64,
  0x0,0x69,0x0,0x63,0x0,0x69,0x0,0x6f,0x0,0x6e,0x0,0x61,0x0,0x72,0x0,0x20,
  0x0,0x6f,0x0,0x20,0x0,0x63,0x0,0x61,0x0,0x6d,0x0,0x69,0x0,0x6e,0x0,0x68,
  0x0,0x6f,0x0,0x20,0x0,0x64,0x0,0x6f,0x0,0x20,0x0,0x6d,0x0,0x79,0x0,0x73,
  0x0,0x71,0x0,0x6c,0x0,0x20,0x0,0xe0,0x0,0x20,0x0,0x76,0x0,0x61,0x0,0x72,
  0x0,0x69,0x0,0xe1,0x0,0x76,0x0,0x65,0x0,0x6c,0x0,0x20,0x0,0x50,0x0,0x41,
  0x0,0x54,0x0,0x48,0x0,0x2e,0x8,0x0,0x0,0x0,0x0,0x6,0x0,0x0,0x0,0x3c,
  0x49,0x6d,0x70,0x6f,0x73,0x73,0x69,0x62,0x6c,0x65,0x20,0x64,0x27,0x61,0x6a,0x6f,
  0x75,0x74,0x65,0x72,0x20,0x6c,0x65,0x20,0x63,0x68,0x65,0x6d,0x69,0x6e,0x20,0x64,
  0x65,0x20,0x6d,0x79,0x73,0x71,0x6c,0x20,0xc3,0xa0,0x20,0x6c,0x61,0x20,0x76,0x61,
  0x72,0x69,0x61,0x62,0x6c,0x65,0x20,0x50,0x41,0x54,0x48,0x2e,0x7,0x0,0x0,0x0,
  0xd,0x41,0x70,0x70,0x43,0x6f,0x6e,0x74,0x72,0x6f,0x6c,0x6c,0x65,0x72,0x1,0x3,
  0x0,0x0,0x0,0x66,0x0,0x4e,0x0,0xe3,0x0,0x6f,0x0,0x20,0x0,0x66,0x0,0x6f,
  0x0,0x69,0x0,0x20,0x0,0x70,0x0,0x6f,0x0,0x73,0x0,0x73,0x0,0xed,0x0,0x76,
  0x0,0x65,0x0,0x6c,0x0,0x20,0x0,0x63,0x0,0x6f,0x0,0x6e,0x0,0x66,0x0,0x69,
  0x0,0x67,0x0,0x75,0x0,0x72,0x0,0x61,0x0,0x72,0x0,0x20,0x0,0x73,0x0,0x65,
  0x0,0x63,0x0,0x75,0x0,0x72,0x0,0x65,0x0,0x5f,0x0,0x66,0x0,0x69,0x0,0x6c,
  0x0,0x65,0x0,0x5f,0x0,0x70,0x0,0x72,0x0,0x69,0x0,0x76,0x0,0x20,0x0,0x65,
  0x0,0x6d,0x0,0x20,0x0,0x25,0x0,0x31,0x0,0x2e,0x8,0x0,0x0,0x0,0x0,0x6,
  0x0,0x0,0x0,0x31,0x49,0x6d,0x70,0x6f,0x73,0x73,0x69,0x62,0x6c,0x65,0x20,0x64,
  0x65,0x20,0x63,0x6f,0x6e,0x66,0x69,0x67,0x75,0x72,0x65,0x72,0x20,0x73,0x65,0x63,
  0x75,0x72,0x65,0x5f,0x66,0x69,0x6c,0x65,0x5f,0x70,0x72,0x69,0x76,0x20,0x73,0x75,
  0x72,0x20,0x25,0x31,0x2e,0x7,0x0,0x0,0x0,0xd,0x41,0x70,0x70,0x43,0x6f,0x6e,
  0x74,0x72,0x6f,0x6c,0x6c,0x65,0x72,0x1,0x3,0x0,0x0,0x0,0x48,0x0,0x4e,0x0,
  0xe3,0x0,0x6f,0x0,0x20,0x0,0xe9,0x0,0x20,0x0,0x70,0x0,0x6f,0x0,0x73,0x0,
  0x73,0x0,0xed,0x0,0x76,0x0,0x65,0x0,0x6c,0x0,0x20,0x0,0x63,0x0,0x72,0x0,
  0x69,0x0,0x61,0x0,0x72,0x0,0x20,0x0,0x6f,0x0,0x20,0x0,0x75,0x0,0x73,0x0,
  0x75,0x0,0xe1,0x0,0x72,0x0,0x69,0x0,0x6f,0x0,0x20,0x0,0x27,0x0,0x25,0x0,
  0x31,0x0,0x27,0x0,0x2e,0x8,0x0,0x0,0x0,0x0,0x6,0x0,0x0,0x0,0x28,0x49,
  0x6d,0x70,0x6f,0x73,0x73,0x69,0x62,0x6c,0x65,0x20,0x64,0x65,0x20,0x63,0x72,0xc3,
  0xa9,0x65,0x72,0x20,0x6c,0x27,0x75,0x74,0x69,0x6c,0x69,0x73,0x61,0x74,0x65,0x75,
  0x72,0x20,0x27,0x25,0x31,0x27,0x2e,0x7,0x0,0x0,0x0,0xd,0x41,0x70,0x70,0x43,
  0x6f,0x6e,0x74,0x72,0x6f,0x6c,0x6c,0x65,0x72,0x1,0x3,0x0,0x0,0x0,0x64,0x0,
  0x4e,0x0,0xe3,0x0,0x6f,0x0,0x20,0x0,0x66,0x0,0x6f,0x0,0x69,0x0,0x20,0x0,
  0x70,0x0,0x6f,0x0,0x73,0x0,0x73,0x0,0xed,0x0,0x76,0x0,0x65,0x0,0x6c,0x0,
  0x20,0x0,0x63,0x0,0x72,0x0,0x69,0x0,0x61,0x0,0x72,0x0,0x20,0x0,0x6f,0x0,
  0x75,0x0,0x20,0x0,0x63,0x0,0x6f,0x0,0x6d,0x0,0x70,0x0,0x61,0x0,0x72,0x0,
  0x74,0x0,0x69,0x0,0x6c,0x0,0x68,0x0,0x61,0x0,0x72,0x0,0x20,0x0,0x61,0x0,
  0x20,0x0,0x70,0x0,0x61,0x0,0x73,0x0,0x74,0x0,0x61,0x0,0x20,0x0,0x25,0x0,
  0x31,0x0,0x2e,0x8,0x0,0x0,0x0,0x0,0x6,0x0,0x0,0x0,0x32,0x49,0x6d,0x70,
  0x6f,0x73,0x73,0x69,0x62,0x6c,0x65,0x20,0x64,0x65,0x20,0x63,0x72,0xc3,0xa9,0x65,
  0x72,0x20,0x6f,0x75,0x20,0x64,0x65,0x20,0x70,0x61,0x72,0x74,0x61,0x67,0x65,0x72,
  0x20,0x6c,0x65,0x20,0x64,0x6f,0x73,0x73,0x69,0x65,0x72,0x20,0x25,0x31,0x2e,0x7,
  0x0,0x0,0x0,0xd,0x41,0x70,0x70,0x43,0x6f,0x6e,0x74,0x72,0x6f,0x6c,0x6c,0x65,
  0x72,0x1,0x3,0x0,0x0,0x0,0x88,0x0,0x49,0x0,0x6e,0x0,0x73,0x0,0x74,0x0,
  0x61,0x0,0x6c,0x0,0x61,0x0,0x6e,0x0,0x64,0x0,0x6f,0x0,0x20,0x0,0x4d,0x0,
  0x79,0x0,0x53,0x0,0x51,0x0,0x4c,0x0,0x20,0x0,0x38,0x0,0x2e,0x0,0x34,0x0,
  0x2e,0x0,0x33,0x20,0x26,0x0,0xa,0x0,0x28,0x0,0x41,0x0,0x75,0x0,0x74,0x0,
  0x6f,0x0,0x72,0x0,0x69,0x0,0x7a,0x0,0x65,0x0,0x20,0x0,0x61,0x0,0x20,0x0,
  0x6f,0x0,0x70,0x0,0x65,0x0,0x72,0x0,0x61,0x0,0xe7,0x0,0xe3,0x0,0x6f,0x0,
  0x20,0x0,0x6e,0x0,0x61,0x0,0x20,0x0,0x6a,0x0,0x61,0x0,0x6e,0x0,0x65,0x0,
  0x6c,0x0,0x61,0x0,0x20,0x0,0x71,0x0,0x75,0x0,0x65,0x0,0x20,0x0,0x61,0x0,
  0x70,0x0,0x61,0x0,0x72,0x0,0x65,0x0,0x63,0x0,0x65,0x0,0x72,0x0,0x29,0x8,
  0x0,0x0,0x0,0x0,0x6,0x0,0x0,0x0,0x5f,0x49,0x6e,0x73,0x74,0x61,0x6c,0x6c,
  0x61,0x74,0x69,0x6f,0x6e,0x20,0x64,0x65,0x20,0x4d,0x79,0x53,0x51,0x4c,0x20,0x38,
  0x2e,0x34,0x2e,0x33,0x20,0x65,0x6e,0x20,0x63,0x6f,0x75,0x72,0x73,0xe2,0x80,0xa6,
  0xa,0x28,0x41,0x75,0x74,0x6f,0x72,0x69,0x73,0x65,0x7a,0x20,0x6c,0x27,0x6f,0x70,
  0xc3,0xa9,0x72,0x61,0x74,0x69,0x6f,0x6e,0x20,0x64,0x61,0x6e,0x73,0x20,0x6c,0x61,
  0x20,0x66,0x65,0x6e,0xc3,0xaa,0x74,0x72,0x65,0x20,0x71,0x75,0x69,0x20,0x73,0x27,
  0x61,0x66,0x66,0x69,0x63,0x68,0x65,0x29,0x7,0x0,0x0,0x0,0xd,0x41,0x70,0x70,
  0x43,0x6f,0x6e,0x74,0x72,0x6f,0x6c,0x6c,0x65,0x72,0x1,0x3,0x0,0x0,0x0,0x32,
  0x0,0x49,0x0,0x6e,0x0,0x73,0x0,0x74,0x0,0x61,0x0,0x6c,0x0,0x61,0x0,0x6e,
  0x0,0x64,0x0,0x6f,0x0,0x20,0x0,0x6f,0x0,0x20,0x0,0x4d,0x0,0x79,0x0,0x53,
  0x0,0x51,0x0,0x4c,0x0,0x20,0x0,0x38,0x0,0x2e,0x0,0x34,0x0,0x2e,0x0,0x33,
  0x20,0x26,0x8,0x0,0x0,0x0,0x0,0x6,0x0,0x0,0x0,0x1e,0x49,0x6e,0x73,0x74,
  0x61,0x6c,0x6c,0x61,0x74,0x69,0x6f,0x6e,0x20,0x64,0x65,0x20,0x4d,0x79,0x53,0x51,
  0x4c,0x20,0x38,0x2e,0x34,0x2e,0x33,0xe2,0x80,0xa6,0x7,0x0,0x0,0x0,0xd,0x41,
  0x70,0x70,0x43,0x6f,0x6e,0x74,0x72,0x6f,0x6c,0x6c,0x65,0x72,0x1,0x3,0x0,0x0,
  0x0,0x3e,0x0,0x49,0x0,0x6e,0x0,0x73,0x0,0x74,0x0,0x61,0x0,0x6c,0x0,0x61,
  0x0,0x6e,0x0,0x64,0x0,0x6f,0x0,0x20,0x0,0x6f,0x0,0x20,0x0,0x4d,0x0,0x79,
  0x0,0x53,0x0,0x51,0x0,0x4c,0x0,0x20,0x0,0x76,0x0,0x69,0x0,0x61,0x0,0x20,
  0x0,0x61,0x0,0x70,0x0,0x74,0x0,0x2d,0x0,0x67,0x0,0x65,0x0,0x74,0x20,0x26,
  0x8,0x0,0x0,0x0,0x0,0x6,0x0,0x0,0x0,0x24,0x49,0x6e,0x73,0x74,0x61,0x6c,
  0x6c,0x61,0x74,0x69,0x6f,0x6e,0x20,0x64,0x65,0x20,0x4d,0x79,0x53,0x51,0x4c,0x20,
  0x76,0x69,0x61,0x20,0x61,0x70,0x74,0x2d,0x67,0x65,0x74,0xe2,0x80,0xa6,0x7,0x0,
  0x0,0x0,0xd,0x41,0x70,0x70,0x43,0x6f,0x6e,0x74,0x72,0x6f,0x6c,0x6c,0x65,0x72,
  0x1,0x3,0x0,0x0,0x0,0x5a,0x0,0x49,0x0,0x6e,0x0,0x73,0x0,0x74,0x0,0x61,
  0x0,0x6c,0x0,0x61,0x0,0x6e,0x0,0x64,0x0,0x6f,0x0,0x20,0x0,0x6f,0x0,0x20,
  0x0,0x56,0x0,0x69,0x0,0x73,0x0,0x75,0x0,0x61,0x0,0x6c,0x0,0x20,0x0,0x43,
  0x0,0x2b,0x0,0x2b,0x0,0x20,0x0,0x52,0x0,0x65,0x0,0x64,0x0,0x69,0x0,0x73,
  0x0,0x74,0x0,0x72,0x0,0x69,0x0,0x62,0x0,0x75,0x0,0x74,0x0,0x61,0x0,0x62,
  0x0,0x6c,0x0,0x65,0x0,0x20,0x0,0x32,0x0,0x30,0x0,0x32,0x0,0x32,0x20,0x26,
  0x8,0x0,0x0,0x0,0x0,0x6,0x0,0x0,0x0,0x32,0x49,0x6e,0x73,0x74,0x61,0x6c,
  0x6c,0x61,0x74,0x69,0x6f,0x6e,0x20,0x64,0x65,0x20,0x56,0x69,0x73,0x75,0x61,0x6c,
  0x20,0x43,0x2b,0x2b,0x20,0x52,0x65,0x64,0x69,0x73,0x74,0x72,0x69,0x62,0x75,0x74,
  0x61,0x62,0x6c,0x65,0x20,0x32,0x30,0x32,0x32,0xe2,0x80,0xa6,0x7,0x0,0x0,0x0,
  0xd,0x41,0x70,0x70,0x43,0x6f,0x6e,0x74,0x72,0x6f,0x6c,0x6c,0x65,0x72,0x1,0x3,
  0x0,0x0,0x0,0xe4,0x0,0x41,0x0,0x20,0x0,0x69,0x0,0x6e,0x0,0x73,0x0,0x74,
  0x0,0x61,0x0,0x6c,0x0,0x61,0x0,0xe7,0x0,0xe3,0x0,0x6f,0x0,0x20,0x0,0x64,
  0x0,0x6f,0x0,0x20,0x0,0x4d,0x0,0x69,0x0,0x63,0x0,0x72,0x0,0x6f,0x0,0x73,
  0x0,0x6f,0x0,0x66,0x0,0x74,0x0,0x20,0x0,0x56,0x0,0x69,0x0,0x73,0x0,0x75,
  0x0,0x61,0x0,0x6c,0x0,0x20,0x0,0x43,0x0,0x2b,0x0,0x2b,0x0,0x20,0x0,0x52,
  0x0,0x65,0x0,0x64,0x0,0x69,0x0,0x73,0x0,0x74,0x0,0x72,0x0,0x69,0x0,0x62,
  0x0,0x75,0x0,0x74,0x0,0x61,0x0,0x62,0x0,0x6c,0x0,0x65,0x0,0x20,0x0,0x32,
  0x0,0x30,0x0,0x32,0x0,0x32,0x0,0x20,0x0,0x66,0x0,0x61,0x0,0x6c,0x0,0x68,
  0x0,0x6f,0x0,0x75,0x0,0x2e,0x0,0xa,0x0,0x56,0x0,0x65,0x0,0x72,0x0,0x69,
  0x0,0x66,0x0,0x69,0x0,0x71,0x0,0x75,0x0,0x65,0x0,0x20,0x0,0x73,0x0,0x75,
  0x0,0x61,0x0,0x20,0x0,0x63,0x0,0x6f,0x0,0x6e,0x0,0x65,0x0,0x78,0x0,0xe3,
  0x0,0x6f,0x0,0x20,0x0,0x63,0x0,0x6f,0x0,0x6d,0x0,0x20,0x0,0x61,0x0,0x20,
  0x0,0x49,0x0,0x6e,0x0,0x74,0x0,0x65,0x0,0x72,0x0,0x6e,0x0,0x65,0x0,0x74,
  0x0,0x20,0x0,0x65,0x0,0x20,0x0,0x72,0x0,0x65,0x0,0x69,0x0,0x6e,0x0,0x69,
  0x0,0x63,0x0,0x69,0x0,0x65,0x0,0x2e,0x8,0x0,0x0,0x0,0x0,0x6,0x0,0x0,
  0x0,0x77,0x4c,0x27,0x69,0x6e,0x73,0x74,0x61,0x6c,0x6c,0x61,0x74,0x69,0x6f,0x6e,
  0x20,0x64,0x65,0x20,0x4d,0x69,0x63,0x72,0x6f,0x73,0x6f,0x66,0x74,0x20,0x56,0x69,
  0x73,0x75,0x61,0x6c,0x20,0x43,0x2b,0x2b,0x20,0x52,0x65,0x64,0x69,0x73,0x74,0x72,
  0x69,0x62,0x75,0x74,0x61,0x62,0x6c,0x65,0x20,0x32,0x30,0x32,0x32,0x20,0x61,0x20,
  0xc3,0xa9,0x63,0x68,0x6f,0x75,0xc3,0xa9,0x2e,0xa,0x56,0xc3,0xa9,0x72,0x69,0x66,
  0x69,0x65,0x7a,0x20,0x76,0x6f,0x74,0x72,0x65,0x20,0x63,0x6f,0x6e,0x6e,0x65,0x78,
  0x69,0x6f,0x6e,0x20,0x49,0x6e,0x74,0x65,0x72,0x6e,0x65,0x74,0x20,0x65,0x74,0x20,
  0x72,0x65,0x6c,0x61,0x6e,0x63,0x65,0x7a,0x2e,0x7,0x0,0x0,0x0,0xd,0x41,0x70,
  0x70,0x43,0x6f,0x6e,0x74,0x72,0x6f,0x6c,0x6c,0x65,0x72,0x1,0x3,0x0,0x0,0x0,
  0xdc,0x0,0x41,0x0,0x20,0x0,0x69,0x0,0x6e,0x0,0x73,0x0,0x74,0x0,0x61,0x0,
  0x6c,0x0,0x61,0x0,0xe7,0x0,0xe3,0x0,0x6f,0x0,0x20,0x0,0x6f,0x0,0x75,0x0,
  0x20,0x0,0x61,0x0,0x74,0x0,0x75,0x0,0x61,0x0,0x6c,0x0,0x69,0x0,0x7a,0x0,
  0x61,0x0,0xe7,0x0,0xe3,0x0,0x6f,0x0,0x20,0x0,0x64,0x0,0x6f,0x0,0x20,0x0,
  0x4d,0x0,0x79,0x0,0x53,0x0,0x51,0x0,0x4c,0x0,0x20,0x0,0x38,0x0,0x2e,0x0,
  0x34,0x0,0x2e,0x0,0x33,0x0,0x20,0x0,0x66,0x0,0x61,0x0,0x6c,0x0,0x68,0x0,
  0x6f,0x0,0x75,0x0,0x2e,0x0,0xa,0x0,0x56,0x0,0x65,0x0,0x72,0x0,0x69,0x0,
  0x66,0x0,0x69,0x0,0x71,0x0,0x75,0x0,0x65,0x0,0x20,0x0,0x73,0x0,0x75,0x0,
  0x61,0x0,0x20,0x0,0x63,0x0,0x6f,0x0,0x6e,0x0,0x65,0x0,0x78,0x0,0xe3,0x0,
  0x6f,0x0,0x20,0x0,0x63,0x0,0x6f,0x0,0x6d,0x0,0x20,0x0,0x61,0x0,0x20,0x0,
  0x49,0x0,0x6e,0x0,0x74,0x0,0x65,0x0,0x72,0x0,0x6e,0x0,0x65,0x0,0x74,0x0,
  0x20,0x0,0x65,0x0,0x20,0x0,0x72,0x0,0x65,0x0,0x69,0x0,0x6e,0x0,0x69,0x0,
  0x63,0x0,0x69,0x0,0x65,0x0,0x20,0x0,0x6f,0x0,0x20,0x0,0x70,0x0,0x72,0x0,
  0x6f,0x0,0x67,0x0,0x72,0x0,0x61,0x0,0x6d,0x0,0x61,0x0,0x2e,0x8,0x0,0x0,
  0x0,0x0,0x6,0x0,0x0,0x0,0x79,0x4c,0x27,0x69,0x6e,0x73,0x74,0x61,0x6c,0x6c,
  0x61,0x74,0x69,0x6f,0x6e,0x20,0x6f,0x75,0x20,0x6c,0x61,0x20,0x6d,0x69,0x73,0x65,
  0x20,0xc3,0xa0,0x20,0x6a,0x6f,0x75,0x72,0x20,0x64,0x65,0x20,0x4d,0x79,0x53,0x51,
  0x4c,0x20,0x38,0x2e,0x34,0x2e,0x33,0x20,0x61,0x20,0xc3,0xa9,0x63,0x68,0x6f,0x75,
  0xc3,0xa9,0x2e,0xa,0x56,0xc3,0xa9,0x72,0x69,0x66,0x69,0x65,0x7a,0x20,0x76,0x6f,
  0x74,0x72,0x65,0x20,0x63,0x6f,0x6e,0x6e,0x65,0x78,0x69,0x6f,0x6e,0x20,0x49,0x6e,
  0x74,0x65,0x72,0x6e,0x65,0x74,0x20,0x65,0x74,0x20,0x72,0x65,0x6c,0x61,0x6e,0x63,
  0x65,0x7a,0x20,0x6c,0x65,0x20,0x70,0x72,0x6f,0x67,0x72,0x61,0x6d,0x6d,0x65,0x2e,
  0x7,0x0,0x0,0x0,0xd,0x41,0x70,0x70,0x43,0x6f,0x6e,0x74,0x72,0x6f,0x6c,0x6c,
  0x65,0x72,0x1,0x3,0x0,0x0,0x0,0xd2,0x0,0x41,0x0,0x20,0x0,0x63,0x0,0x6f,
  0x0,0x6e,0x0,0x66,0x0,0x69,0x0,0x67,0x0,0x75,0x0,0x72,0x0,0x61,0x0,0xe7,
  0x0,0xe3,0x0,0x6f,0x0,0x20,0x0,0x64,0x0,0x6f,0x0,0x20,0x0,0x4d,0x0,0x79,
  0x0,0x53,0x0,0x51,0x0,0x4c,0x0,0x20,0x0,0x70,0x0,0x61,0x0,0x72,0x0,0x61,
  0x0,0x20,0x0,0x6f,0x0,0x20,0x0,0x52,0x0,0x75,0x0,0x66,0x0,0x75,0x0,0x73,
  0x0,0x20,0x0,0x65,0x0,0x73,0x0,0x74,0x0,0xe1,0x0,0x20,0x0,0x63,0x0,0x6f,
  0x0,0x72,0x0,0x72,0x0,0x65,0x0,0x74,0x0,0x61,0x0,0x2e,0x0,0xa,0x0,0xa,
  0x0,0x41,0x0,0x67,0x0,0x6f,0x0,0x72,0x0,0x61,0x0,0x20,0x0,0x76,0x0,0x6f,
  0x0,0x63,0x0,0xea,0x0,0x20,0x0,0x70,0x0,0x6f,0x0,0x64,0x0,0x65,0x0,0x20,
  0x0,0x70,0x0,0x72,0x0,0x6f,0x0,0x73,0x0,0x73,0x0,0x65,0x0,0x67,0x0,0x75,
  0x0,0x69,0x0,0x72,0x0,0x20,0x0,0x63,0x0,0x6f,0x0,0x6d,0x0,0x20,0x0,0x61,
  0x0,0x20,0x0,0x69,0x0,0x6e,0x0,0x73,0x0,0x74,0x0,0x61,0x0,0x6c,0x0,0x61,
  0x0,0xe7,0x0,0xe3,0x0,0x6f,0x0,0x20,0x0,0x64,0x0,0x6f,0x0,0x20,0x0,0x52,
  0x0,0x75,0x0,0x66,0x0,0x75,0x0,0x73,0x0,0x2e,0x8,0x0,0x0,0x0,0x0,0x6,
  0x0,0x0,0x0,0x7f,0x4c,0x65,0x20,0x70,0x61,0x72,0x61,0x6d,0xc3,0xa9,0x74,0x72,
  0x61,0x67,0x65,0x20,0x64,0x65,0x20,0x4d,0x79,0x53,0x51,0x4c,0x20,0x70,0x6f,0x75,
  0x72,0x20,0x6c,0x27,0x75,0x74,0x69,0x6c,0x69,0x73,0x61,0x74,0x69,0x6f,0x6e,0x20,
  0x64,0x65,0x20,0x52,0x75,0x66,0x75,0x73,0x20,0x65,0x73,0x74,0x20,0x63,0x6f,0x72,
  0x72,0x65,0x63,0x74,0x2e,0xa,0xa,0x56,0x6f,0x75,0x73,0x20,0x70,0x6f,0x75,0x76,
  0x65,0x7a,0x20,0x6d,0x61,0x69,0x6e,0x74,0x65,0x6e,0x61,0x6e,0x74,0x20,0x70,0x72,
  0x6f,0x63,0xc3,0xa9,0x64,0x65,0x72,0x20,0xc3,0xa0,0x20,0x6c,0x27,0x69,0x6e,0x73,
  0x74,0x61,0x6c,0x6c,0x61,0x74,0x69,0x6f,0x6e,0x20,0x64,0x65,0x20,0x52,0x75,0x66,
  0x75,0x73,0x2e,0x7,0x0,0x0,0x0,0xd,0x41,0x70,0x70,0x43,0x6f,0x6e,0x74,0x72,
  0x6f,0x6c,0x6c,0x65,0x72,0x1,0x3,0x0,0x0,0x0,0x22,0x0,0x41,0x0,0x74,0x0,
  0x75,0x0,0x61,0x0,0x6c,0x0,0x69,0x0,0x7a,0x0,0x61,0x0,0xe7,0x0,0xe3,0x0,
  0x6f,0x0,0x20,0x0,0x4d,0x0,0x79,0x0,0x53,0x0,0x51,0x0,0x4c,0x8,0x0,0x0,
  0x0,0x0,0x6,0x0,0x0,0x0,0x12,0x4d,0x69,0x73,0x65,0x20,0xc3,0xa0,0x20,0x6a,
  0x6f,0x75,0x72,0x20,0x4d,0x79,0x53,0x51,0x4c,0x7,0x0,0x0,0x0,0xd,0x41,0x70,
  0x70,0x43,0x6f,0x6e,0x74,0x72,0x6f,0x6c,0x6c,0x65,0x72,0x1,0x3,0x0,0x0,0x0,
  0x7c,0x0,0x4d,0x0,0x79,0x0,0x53,0x0,0x51,0x0,0x4c,0x0,0x20,0x0,0x25,0x0,
  0x31,0x0,0x20,0x0,0x65,0x0,0x73,0x0,0x74,0x0,0xe1,0x0,0x20,0x0,0x69,0x0,
  0x6e,0x0,0x73,0x0,0x74,0x0,0x61,0x0,0x6c,0x0,0x61,0x0,0x64,0x0,0x6f,0x0,
  0x2e,0x0,0xa,0x0,0x44,0x0,0x65,0x0,0x73,0x0,0x65,0x0,0x6a,0x0,0x61,0x0,
  0x20,0x0,0x61,0x0,0x74,0x0,0x75,0x0,0x61,0x0,0x6c,0x0,0x69,0x0,0x7a,0x0,
  0x61,0x0,0x72,0x0,0x20,0x0,0x70,0x0,0x61,0x0,0x72,0x0,0x61,0x0,0x20,0x0,
  0x61,0x0,0x20,0x0,0x76,0x0,0x65,0x0,0x72,0x0,0x73,0x0,0xe3,0x0,0x6f,0x0,
  0x20,0x0,0x38,0x0,0x2e,0x0,0x34,0x0,0x2e,0x0,0x33,0x0,0x3f,0x8,0x0,0x0,
  0x0,0x0,0x6,0x0,0x0,0x0,0x4d,0x4d,0x79,0x53,0x51,0x4c,0x20,0x25,0x31,0x20,
  0x65,0x73,0x74,0x20,0x69,0x6e,0x73,0x74,0x61,0x6c,0x6c,0xc3,0xa9,0x2e,0xa,0x56,
  0x6f,0x75,0x6c,0x65,0x7a,0x2d,0x76,0x6f,0x75,0x73,0x20,0x6c,0x65,0x20,0x6d,0x65,
  0x74,0x74,0x72,0x65,0x20,0xc3,0xa0,0x20,0x6a,0x6f,0x75,0x72,0x20,0x76,0x65,0x72,
  0x73,0x20,0x6c,0x61,0x20,0x76,0x65,0x72,0x73,0x69,0x6f,0x6e,0x20,0x38,0x2e,0x34,
  0x2e,0x33,0x20,0x3f,0x7,0x0,0x0,0x0,0xd,0x41,0x70,0x70,0x43,0x6f,0x6e,0x74,
  0x72,0x6f,0x6c,0x6c,0x65,0x72,0x1,0x3,0x0,0x0,0x0,0x58,0x0,0x4d,0x0,0x79,
  0x0,0x53,0x0,0x51,0x0,0x4c,0x0,0x20,0x0,0x38,0x0,0x2e,0x0,0x34,0x0,0x2e,
  0x0,0x33,0x0,0x20,0x0,0x6e,0x0,0xe3,0x0,0x6f,0x0,0x20,0x0,0x66,0x0,0x6f,
  0x0,0x69,0x0,0x20,0x0,0x64,0x0,0x65,0x0,0x74,0x0,0x65,0x0,0x63,0x0,0x74,
  0x0,0x61,0x0,0x64,0x0,0x6f,0x0,0x20,0x0,0x6e,0x0,0x65,0x0,0x73,0x0,0x74,
  0x0,0x65,0x0,0x20,0x0,0x73,0x0,0x69,0x0,0x73,0x0,0x74,0x0,0x65,0x0,0x6d,
  0x0,0x61,0x0,0x2e,0x8,0x0,0x0,0x0,0x0,0x6,0x0,0x0,0x0,0x30,0x4d,0x79,
  0x53,0x51,0x4c,0x20,0x38,0x2e,0x34,0x2e,0x33,0x20,0x6e,0x27,0x65,0x73,0x74,0x20,
  0x70,0x61,0x73,0x20,0x64,0xc3,0xa9,0x74,0x65,0x63,0x74,0xc3,0xa9,0x20,0x73,0x75,
  0x72,0x20,0x63,0x65,0x20,0x73,0x79,0x73,0x74,0xc3,0xa8,0x6d,0x65,0x2e,0x7,0x0,
  0x0,0x0,0xd,0x41,0x70,0x70,0x43,0x6f,0x6e,0x74,0x72,0x6f,0x6c,0x6c,0x65,0x72,
  0x1,0x3,0x0,0x0,0x0,0x30,0x0,0x41,0x0,0x62,0x0,0x72,0x0,0x69,0x0,0x72,
  0x0,0x20,0x0,0x41,0x0,0x6a,0x0,0x75,0x0,0x73,0x0,0x74,0x0,0x65,0x0,0x73,
  0x0,0x20,0x0,0x64,0x0,0x6f,0x0,0x20,0x0,0x53,0x0,0x69,0x0,0x73,0x0,0x74,
  0x0,0x65,0x0,0x6d,0x0,0x61,0x8,0x0,0x0,0x0,0x0,0x6,0x0,0x0,0x0,0x1d,
  0x4f,0x75,0x76,0x72,0x69,0x72,0x20,0x6c,0x65,0x73,0x20,0x52,0xc3,0xa9,0x67,0x6c,
  0x61,0x67,0x65,0x73,0x20,0x53,0x79,0x73,0x74,0xc3,0xa8,0x6d,0x65,0x7,0x0,0x0,
  0x0,0xd,0x41,0x70,0x70,0x43,0x6f,0x6e,0x74,0x72,0x6f,0x6c,0x6c,0x65,0x72,0x1,
  0x3,0x0,0x0,0x0,0x36,0x0,0x43,0x0,0x6f,0x0,0x6e,0x0,0x66,0x0,0x69,0x0,
  0x67,0x0,0x75,0x0,0x72,0x0,0x61,0x0,0xe7,0x0,0xe3,0x0,0x6f,0x0,0x20,0x0,
  0x4d,0x0,0x79,0x0,0x53,0x0,0x51,0x0,0x4c,0x0,0x20,0x0,0x76,0x0,0x61,0x0,
  0x6c,0x0,0x69,0x0,0x64,0x0,0x61,0x0,0x64,0x0,0x61,0x8,0x0,0x0,0x0,0x0,
  0x6,0x0,0x0,0x0,0x1a,0x50,0x61,0x72,0x61,0x6d,0xc3,0xa9,0x74,0x72,0x61,0x67,
  0x65,0x20,0x4d,0x79,0x53,0x51,0x4c,0x20,0x76,0x61,0x6c,0x69,0x64,0xc3,0xa9,0x7,
  0x0,0x0,0x0,0xd,0x41,0x70,0x70,0x43,0x6f,0x6e,0x74,0x72,0x6f,0x6c,0x6c,0x65,
  0x72,0x1,0x3,0x0,0x0,0x0,0x24,0x0,0x52,0x0,0x65,0x0,0x69,0x0,0x6e,0x0,
  0x69,0x0,0x63,0x0,0x69,0x0,0x61,0x0,0x6e,0x0,0x64,0x0,0x6f,0x0,0x20,0x0,
  0x4d,0x0,0x79,0x0,0x53,0x0,0x51,0x0,0x4c,0x20,0x26,0x8,0x0,0x0,0x0,0x0,
  0x6,0x0,0x0,0x0,0x18,0x52,0x65,0x64,0xc3,0xa9,0x6d,0x61,0x72,0x72,0x61,0x67,
  0x65,0x20,0x64,0x65,0x20,0x4d,0x79,0x53,0x51,0x4c,0xe2,0x80,0xa6,0x7,0x0,0x0,
  0x0,0xd,0x41,0x70,0x70,0x43,0x6f,0x6e,0x74,0x72,0x6f,0x6c,0x6c,0x65,0x72,0x1,
  0x3,0x0,0x0,0x0,0xe,0x0,0x52,0x0,0x65,0x0,0x70,0x0,0x65,0x0,0x74,0x0,
  0x69,0x0,0x72,0x8,0x0,0x0,0x0,0x0,0x6,0x0,0x0,0x0,0xa,0x52,0xc3,0xa9,
  0x65,0x73,0x73,0x61,0x79,0x65,0x72,0x7,0x0,0x0,0x0,0xd,0x41,0x70,0x70,0x43,
  0x6f,0x6e,0x74,0x72,0x6f,0x6c,0x6c,0x65,0x72,0x1,0x3,0x0,0x0,0x0,0x3c,0x0,
  0x42,0x0,0x61,0x0,0x69,0x0,0x78,0x0,0x61,0x0,0x6e,0x0,0x64,0x0,0x6f,0x0,
  0x20,0x0,0x4d,0x0,0x79,0x0,0x53,0x0,0x51,0x0,0x4c,0x0,0x20,0x0,0x38,0x0,
  0x2e,0x0,0x34,0x0,0x2e,0x0,0x33,0x0,0x20,0x0,0x28,0x0,0x4f,0x0,0x72,0x0,
  0x61,0x0,0x63,0x0,0x6c,0x0,0x65,0x0,0x29,0x20,0x26,0x8,0x0,0x0,0x0,0x0,
  0x6,0x0,0x0,0x0,0x2b,0x54,0xc3,0xa9,0x6c,0xc3,0xa9,0x63,0x68,0x61,0x72,0x67,
  0x65,0x6d,0x65,0x6e,0x74,0x20,0x64,0x65,0x20,0x4d,0x79,0x53,0x51,0x4c,0x20,0x38,
  0x2e,0x34,0x2e,0x33,0x20,0x28,0x4f,0x72,0x61,0x63,0x6c,0x65,0x29,0xe2,0x80,0xa6,
  0x7,0x0,0x0,0x0,0xd,0x41,0x70,0x70,0x43,0x6f,0x6e,0x74,0x72,0x6f,0x6c,0x6c,
  0x65,0x72,0x1,0x3,0x0,0x0,0x0,0x42,0x0,0x42,0x0,0x61,0x0,0x69,0x0,0x78,
  0x0,0x61,0x0,0x6e,0x0,0x64,0x0,0x6f,0x0,0x20,0x0,0x6f,0x0,0x20,0x0,0x4d,
  0x0,0x79,0x0,0x53,0x0,0x51,0x0,0x4c,0x0,0x20,0x0,0x38,0x0,0x2e,0x0,0x34,
  0x0,0x2e,0x0,0x33,0x0,0x20,0x0,0x28,0x0,0x57,0x0,0x69,0x0,0x6e,0x0,0x64,
  0x0,0x6f,0x0,0x77,0x0,0x73,0x0,0x29,0x20,0x26,0x8,0x0,0x0,0x0,0x0,0x6,
  0x0,0x0,0x0,0x2c,0x54,0xc3,0xa9,0x6c,0xc3,0xa9,0x63,0x68,0x61,0x72,0x67,0x65,
  0x6d,0x65,0x6e,0x74,0x20,0x64,0x65,0x20,0x4d,0x79,0x53,0x51,0x4c,0x20,0x38,0x2e,
  0x34,0x2e,0x33,0x20,0x28,0x57,0x69,0x6e,0x64,0x6f,0x77,0x73,0x29,0xe2,0x80,0xa6,
  0x7,0x0,0x0,0x0,0xd,0x41,0x70,0x70,0x43,0x6f,0x6e,0x74,0x72,0x6f,0x6c,0x6c,
  0x65,0x72,0x1,0x3,0x0,0x0,0x0,0x56,0x0,0x42,0x0,0x61,0x0,0x69,0x0,0x78,
  0x0,0x61,0x0,0x6e,0x0,0x64,0x0,0x6f,0x0,0x20,0x0,0x6f,0x0,0x20,0x0,0x56,
  0x0,0x69,0x0,0x73,0x0,0x75,0x0,0x61,0x0,0x6c,0x0,0x20,0x0,0x43,0x0,0x2b,
  0x0,0x2b,0x0,0x20,0x0,0x52,0x0,0x65,0x0,0x64,0x0,0x69,0x0,0x73,0x0,0x74,
  0x0,0x72,0x0,0x69,0x0,0x62,0x0,0x75,0x0,0x74,0x0,0x61,0x0,0x62,0x0,0x6c,
  0x0,0x65,0x0,0x20,0x0,0x32,0x0,0x30,0x0,0x32,0x0,0x32,0x20,0x26,0x8,0x0,
  0x0,0x0,0x0,0x6,0x0,0x0,0x0,0x36,0x54,0xc3,0xa9,0x6c,0xc3,0xa9,0x63,0x68,
  0x61,0x72,0x67,0x65,0x6d,0x65,0x6e,0x74,0x20,0x64,0x65,0x20,0x56,0x69,0x73,0x75,
  0x61,0x6c,0x20,0x43,0x2b,0x2b,0x20,0x52,0x65,0x64,0x69,0x73,0x74,0x72,0x69,0x62,
  0x75,0x74,0x61,0x62,0x6c,0x65,0x20,0x32,0x30,0x32,0x32,0xe2,0x80,0xa6,0x7,0x0,
  0x0,0x0,0xd,0x41,0x70,0x70,0x43,0x6f,0x6e,0x74,0x72,0x6f,0x6c,0x6c,0x65,0x72,
  0x1,0x3,0x0,0x0,0x0,0x3a,0x0,0x56,0x0,0x65,0x0,0x72,0x0,0x73,0x0,0xe3,
  0x0,0x6f,0x0,0x20,0x0,0x64,0x0,0x6f,0x0,0x20,0x0,0x55,0x0,0x62,0x0,0x75,
  0x0,0x6e,0x0,0x74,0x0,0x75,0x0,0x20,0x0,0x69,0x0,0x6e,0x0,0x63,0x0,0x6f,
  0x0,0x6d,0x0,0x70,0x0,0x61,0x0,0x74,0x0,0xed,0x0,0x76,0x0,0x65,0x0,0x6c,
  0x8,0x0,0x0,0x0,0x0,0x6,0x0,0x0,0x0,0x1f,0x56,0x65,0x72,0x73,0x69,0x6f,
  0x6e,0x20,0x64,0x27,0x55,0x62,0x75,0x6e,0x74,0x75,0x20,0x6e,0x6f,0x6e,0x20,0x63,
  0x6f,0x6d,0x70,0x61,0x74,0x69,0x62,0x6c,0x65,0x7,0x0,0x0,0x0,0xd,0x41,0x70,
  0x70,0x43,0x6f,0x6e,0x74,0x72,0x6f,0x6c,0x6c,0x65,0x72,0x1,0x3,0x0,0x0,0x0,
  0x4a,0x0,0x56,0x0,0x69,0x0,0x73,0x0,0x75,0x0,0x61,0x0,0x6c,0x0,0x20,0x0,
  0x43,0x0,0x2b,0x0,0x2b,0x0,0x20,0x0,0x52,0x0,0x65,0x0,0x64,0x0,0x69,0x0,
  0x73,0x0,0x74,0x0,0x72,0x0,0x69,0x0,0x62,0x0,0x75,0x0,0x74,0x0,0x61,0x0,
  0x62,0x0,0x6c,0x0,0x65,0x0,0x20,0x0,0x6e,0x0,0x65,0x0,0x63,0x0,0x65,0x0,
  0x73,0x0,0x73,0x0,0xe1,0x0,0x72,0x0,0x69,0x0,0x6f,0x8,0x0,0x0,0x0,0x0,
  0x6,0x0,0x0,0x0,0x21,0x56,0x69,0x73,0x75,0x61,0x6c,0x20,0x43,0x2b,0x2b,0x20,
  0x52,0x65,0x64,0x69,0x73,0x74,0x72,0x69,0x62,0x75,0x74,0x61,0x62,0x6c,0x65,0x20,
  0x72,0x65,0x71,0x75,0x69,0x73,0x7,0x0,0x0,0x0,0xd,0x41,0x70,0x70,0x43,0x6f,
  0x6e,0x74,0x72,0x6f,0x6c,0x6c,0x65,0x72,0x1,0x3,0x0,0x0,0x0,0xe4,0x0,0x4f,
  0x0,0x20,0x0,0x6d,0x0,0x79,0x0,0x73,0x0,0x71,0x0,0x6c,0x0,0x20,0x0,0x6e,
  0x0,0xe3,0x0,0x6f,0x0,0x20,0x0,0x63,0x0,0x6f,0x0,0x6e,0x0,0x73,0x0,0x65,
  0x0,0x67,0x0,0x75,0x0,0x65,0x0,0x20,0x0,0x67,0x0,0x72,0x0,0x61,0x0,0x76,
  0x0,0x61,0x0,0x72,0x0,0x20,0x0,0x65,0x0,0x6d,0x0,0x20,0x0,0x25,0x0,0x31,
  0x0,0x2e,0x0,0xa,0x0,0x43,0x0,0x6f,0x0,0x6e,0x0,0x63,0x0,0x65,0x0,0x64,
  0x0,0x61,0x0,0x20,0x0,0x41,0x0,0x63,0x0,0x65,0x0,0x73,0x0,0x73,0x0,0x6f,
  0x0,0x20,0x0,0x74,0x0,0x6f,0x0,0x74,0x0,0x61,0x0,0x6c,0x0,0x20,0x0,0x61,
  0x0,0x6f,0x0,0x20,0x0,0x64,0x0,0x69,0x0,0x73,0x0,0x63,0x0,0x6f,0x0,0x20,
  0x0,0x61,0x0,0x6f,0x0,0x20,0x0,0x6d,0x0,0x79,0x0,0x73,0x0,0x71,0x0,0x6c,
  0x0,0x64,0x0,0x20,0x0,0x6f,0x0,0x75,0x0,0x20,0x0,0x76,0x0,0x65,0x0,0x72,
  0x0,0x69,0x0,0x66,0x0,0x69,0x0,0x71,0x0,0x75,0x0,0x65,0x0,0x20,0x0,0x6f,
  0x0,0x20,0x0,0x70,0x0,0x72,0x0,0x69,0x0,0x76,0x0,0x69,0x0,0x6c,0x0,0xe9,
  0x0,0x67,0x0,0x69,0x0,0x6f,0x0,0x20,0x0,0x46,0x0,0x49,0x0,0x4c,0x0,0x45,
  0x0,0x20,0x0,0x64,0x0,0x65,0x0,0x20,0x0,0x22,0x0,0x25,0x0,0x32,0x0,0x22,
  0x0,0x2e,0x8,0x0,0x0,0x0,0x0,0x6,0x0,0x0,0x0,0x85,0x6d,0x79,0x73,0x71,
  0x6c,0x20,0x6e,0x65,0x20,0x70,0x61,0x72,0x76,0x69,0x65,0x6e,0x74,0x20,0x70,0x61,
  0x73,0x20,0xc3,0xa0,0x20,0xc3,0xa9,0x63,0x72,0x69,0x72,0x65,0x20,0x64,0x61,0x6e,
  0x73,0x20,0x25,0x31,0x2e,0xa,0x41,0x63,0x63,0x6f,0x72,0x64,0x65,0x7a,0x20,0x6c,
  0x27,0x61,0x63,0x63,0xc3,0xa8,0x73,0x20,0x63,0x6f,0x6d,0x70,0x6c,0x65,0x74,0x20,
  0x61,0x75,0x20,0x64,0x69,0x73,0x71,0x75,0x65,0x20,0xc3,0xa0,0x20,0x6d,0x79,0x73,
  0x71,0x6c,0x64,0x2c,0x20,0x6f,0x75,0x20,0x76,0xc3,0xa9,0x72,0x69,0x66,0x69,0x65,
  0x7a,0x20,0x6c,0x65,0x20,0x70,0x72,0x69,0x76,0x69,0x6c,0xc3,0xa8,0x67,0x65,0x20,
  0x46,0x49,0x4c,0x45,0x20,0x64,0x65,0x20,0xc2,0xab,0x20,0x25,0x32,0x20,0xc2,0xbb,
  0x2e,0x7,0x0,0x0,0x0,0xd,0x41,0x70,0x70,0x43,0x6f,0x6e,0x74,0x72,0x6f,0x6c,
  0x6c,0x65,0x72,0x1,0x3,0x0,0x0,0x0,0xc0,0x0,0x4f,0x0,0x20,0x0,0x6d,0x0,
  0x79,0x0,0x73,0x0,0x71,0x0,0x6c,0x0,0x20,0x0,0x6e,0x0,0xe3,0x0,0x6f,0x0,
  0x20,0x0,0x63,0x0,0x6f,0x0,0x6e,0x0,0x73,0x0,0x65,0x0,0x67,0x0,0x75,0x0,
  0x65,0x0,0x20,0x0,0x67,0x0,0x72,0x0,0x61,0x0,0x76,0x0,0x61,0x0,0x72,0x0,
  0x20,0x0,0x65,0x0,0x6d,0x0,0x20,0x0,0x25,0x0,0x31,0x0,0x2e,0x0,0xa,0x0,
  0x56,0x0,0x65,0x0,0x72,0x0,0x69,0x0,0x66,0x0,0x69,0x0,0x71,0x0,0x75,0x0,
  0x65,0x0,0x20,0x0,0x61,0x0,0x73,0x0,0x20,0x0,0x70,0x0,0x65,0x0,0x72,0x0,
  0x6d,0x0,0x69,0x0,0x73,0x0,0x73,0x0,0xf5,0x0,0x65,0x0,0x73,0x0,0x20,0x0,
  0x64,0x0,0x61,0x0,0x20,0x0,0x70,0x0,0x61,0x0,0x73,0x0,0x74,0x0,0x61,0x0,
  0x20,0x0,0x65,0x0,0x20,0x0,0x6f,0x0,0x20,0x0,0x70,0x0,0x72,0x0,0x69,0x0,
  0x76,0x0,0x69,0x0,0x6c,0x0,0xe9,0x0,0x67,0x0,0x69,0x0,0x6f,0x0,0x20,0x0,
  0x46,0x0,0x49,0x0,0x4c,0x0,0x45,0x0,0x20,0x0,0x64,0x0,0x65,0x0,0x20,0x0,
  0x22,0x0,0x25,0x0,0x32,0x0,0x22,0x0,0x2e,0x8,0x0,0x0,0x0,0x0,0x6,0x0,
  0x0,0x0,0x6c,0x6d,0x79,0x73,0x71,0x6c,0x20,0x6e,0x65,0x20,0x70,0x61,0x72,0x76,
  0x69,0x65,0x6e,0x74,0x20,0x70,0x61,0x73,0x20,0xc3,0xa0,0x20,0xc3,0xa9,0x63,0x72,
  0x69,0x72,0x65,0x20,0x64,0x61,0x6e,0x73,0x20,0x25,0x31,0x2e,0xa,0x56,0xc3,0xa9,
  0x72,0x69,0x66,0x69,0x65,0x7a,0x20,0x6c,0x65,0x73,0x20,0x64,0x72,0x6f,0x69,0x74,
  0x73,0x20,0x64,0x75,0x20,0x64,0x6f,0x73,0x73,0x69,0x65,0x72,0x20,0x65,0x74,0x20,
  0x6c,0x65,0x20,0x70,0x72,0x69,0x76,0x69,0x6c,0xc3,0xa8,0x67,0x65,0x20,0x46,0x49,
  0x4c,0x45,0x20,0x64,0x65,0x20,0xc2,0xab,0x20,0x25,0x32,0x20,0xc2,0xbb,0x2e,0x7,
  0x0,0x0,0x0,0xd,0x41,0x70,0x70,0x43,0x6f,0x6e,0x74,0x72,0x6f,0x6c,0x6c,0x65,
  0x72,0x1,0x3,0x0,0x0,0x3,0x1c,0x0,0x4f,0x0,0x20,0x0,0x6d,0x0,0x79,0x0,
  0x73,0x0,0x71,0x0,0x6c,0x0,0x64,0x0,0x20,0x0,0x6e,0x0,0xe3,0x0,0x6f,0x0,
  0x20,0x0,0x63,0x0,0x6f,0x0,0x6e,0x0,0x73,0x0,0x65,0x0,0x67,0x0,0x75,0x0,
  0x65,0x0,0x20,0x0,0x67,0x0,0x72,0x0,0x61,0x0,0x76,0x0,0x61,0x0,0x72,0x0,
  0x20,0x0,0x65,0x0,0x6d,0x0,0x20,0x0,0x2f,0x0,0x55,0x0,0x73,0x0,0x65,0x0,
  0x72,0x0,0x73,0x0,0x2f,0x0,0x53,0x0,0x68,0x0,0x61,0x0,0x72,0x0,0x65,0x0,
  0x64,0x0,0x2e,0x0,0x20,0x0,0x4e,0x0,0x6f,0x0,0x20,0x0,0x6d,0x0,0x61,0x0,
  0x63,0x0,0x4f,0x0,0x53,0x0,0x2c,0x0,0x20,0x0,0x75,0x0,0x6d,0x0,0x20,0x0,
  0x64,0x0,0x61,0x0,0x65,0x0,0x6d,0x0,0x6f,0x0,0x6e,0x0,0x20,0x0,0x70,0x0,
  0x72,0x0,0x65,0x0,0x63,0x0,0x69,0x0,0x73,0x0,0x61,0x0,0x20,0x0,0x64,0x0,
  0x65,0x0,0x20,0x0,0x22,0x0,0x41,0x0,0x63,0x0,0x65,0x0,0x73,0x0,0x73,0x0,
  0x6f,0x0,0x20,0x0,0x74,0x0,0x6f,0x0,0x74,0x0,0x61,0x0,0x6c,0x0,0x20,0x0,
  0x61,0x0,0x6f,0x0,0x20,0x0,0x64,0x0,0x69,0x0,0x73,0x0,0x63,0x0,0x6f,0x0,
  0x22,0x0,0x20,0x0,0x70,0x0,0x61,0x0,0x72,0x0,0x61,0x0,0x20,0x0,0x61,0x0,
  0x63,0x0,0x65,0x0,0x73,0x0,0x73,0x0,0xe1,0x0,0x2d,0x0,0x6c,0x0,0x61,0x0,
  0x2e,0x0,0xa,0x0,0xa,0x0,0x50,0x0,0x61,0x0,0x72,0x0,0x61,0x0,0x20,0x0,
  0x63,0x0,0x6f,0x0,0x6e,0x0,0x63,0x0,0x65,0x0,0x64,0x0,0x65,0x0,0x72,0x0,
  0x3a,0x0,0xa,0x0,0x20,0x0,0x20,0x0,0x31,0x0,0x2e,0x0,0x20,0x0,0x43,0x0,
  0x6c,0x0,0x69,0x0,0x71,0x0,0x75,0x0,0x65,0x0,0x20,0x0,0x65,0x0,0x6d,0x0,
  0x20,0x0,0x22,0x0,0x41,0x0,0x62,0x0,0x72,0x0,0x69,0x0,0x72,0x0,0x20,0x0,
  0x41,0x0,0x6a,0x0,0x75,0x0,0x73,0x0,0x74,0x0,0x65,0x0,0x73,0x0,0x20,0x0,
  0x64,0x0,0x6f,0x0,0x20,0x0,0x53,0x0,0x69,0x0,0x73,0x0,0x74,0x0,0x65,0x0,
  0x6d,0x0,0x61,0x0,0x22,0x0,0x2e,0x0,0xa,0x0,0x20,0x0,0x20,0x0,0x32,0x0,
  0x2e,0x0,0x20,0x0,0x4e,0x0,0x61,0x0,0x20,0x0,0x6c,0x0,0x69,0x0,0x73,0x0,
  0x74,0x0,0x61,0x0,0x2c,0x0,0x20,0x0,0x63,0x0,0x6c,0x0,0x69,0x0,0x71,0x0,
  0x75,0x0,0x65,0x0,0x20,0x0,0x6e,0x0,0x6f,0x0,0x20,0x0,0x62,0x0,0x6f,0x0,
  0x74,0x0,0xe3,0x0,0x6f,0x0,0x20,0x0,0x22,0x0,0x2b,0x0,0x22,0x0,0x2e,0x0,
  0xa,0x0,0x20,0x0,0x20,0x0,0x33,0x0,0x2e,0x0,0x20,0x0,0x4f,0x0,0x20,0x0,
  0x6d,0x0,0x79,0x0,0x73,0x0,0x71,0x0,0x6c,0x0,0x64,0x0,0x20,0x0,0xe9,0x0,
  0x20,0x0,0x65,0x0,0x78,0x0,0x69,0x0,0x62,0x0,0x69,0x0,0x64,0x0,0x6f,0x0,
  0x20,0x0,0x6e,0x0,0x6f,0x0,0x20,0x0,0x46,0x0,0x69,0x0,0x6e,0x0,0x64,0x0,
  0x65,0x0,0x72,0x0,0x3a,0x0,0x20,0x0,0x61,0x0,0x72,0x0,0x72,0x0,0x61,0x0,
  0x73,0x0,0x74,0x0,0x65,0x0,0x2d,0x0,0x6f,0x0,0x20,0x0,0x70,0x0,0x61,0x0,
  0x72,0x0,0x61,0x0,0x20,0x0,0x61,0x0,0x20,0x0,0x6a,0x0,0x61,0x0,0x6e,0x0,
  0x65,0x0,0x6c,0x0,0x61,0x0,0x20,0x0,0x28,0x0,0x6f,0x0,0x75,0x0,0x20,0x0,
  0x70,0x0,0x72,0x0,0x65,0x0,0x73,0x0,0x73,0x0,0x69,0x0,0x6f,0x0,0x6e,0x0,
  0x65,0x0,0x20,0x23,0x18,0x21,0xe7,0x0,0x47,0x0,0x20,0x0,0x65,0x0,0x20,0x0,
  0x63,0x0,0x6f,0x0,0x6c,0x0,0x65,0x0,0x20,0x0,0x6f,0x0,0x20,0x0,0x63,0x0,
  0x61,0x0,0x6d,0x0,0x69,0x0,0x6e,0x0,0x68,0x0,0x6f,0x0,0x29,0x0,0x3a,0x0,
  0xa,0x0,0xa,0x0,0x20,0x0,0x20,0x0,0x20,0x0,0x20,0x0,0x20,0x0,0x20,0x0,
  0x20,0x0,0x20,0x0,0x25,0x0,0x31,0x0,0xa,0x0,0xa,0x0,0x20,0x0,0x20,0x0,
  0x34,0x0,0x2e,0x0,0x20,0x0,0x41,0x0,0x74,0x0,0x69,0x0,0x76,0x0,0x65,0x0,
  0x20,0x0,0x6f,0x0,0x20,0x0,0x62,0x0,0x6f,0x0,0x74,0x0,0xe3,0x0,0x6f,0x0,
  0x20,0x0,0x61,0x0,0x6f,0x0,0x20,0x0,0x6c,0x0,0x61,0x0,0x64,0x0,0x6f,0x0,
  0x20,0x0,0x64,0x0,0x6f,0x0,0x20,0x0,0x6d,0x0,0x79,0x0,0x73,0x0,0x71,0x0,
  0x6c,0x0,0x64,0x0,0x2e,0x0,0xa,0x0,0x20,0x0,0x20,0x0,0x35,0x0,0x2e,0x0,
  0x20,0x0,0x56,0x0,0x6f,0x0,0x6c,0x0,0x74,0x0,0x65,0x0,0x20,0x0,0x61,0x0,
  0x71,0x0,0x75,0x0,0x69,0x0,0x20,0x0,0x65,0x0,0x20,0x0,0x63,0x0,0x6c,0x0,
  0x69,0x0,0x71,0x0,0x75,0x0,0x65,0x0,0x20,0x0,0x65,0x0,0x6d,0x0,0x20,0x0,
  0x22,0x0,0x52,0x0,0x65,0x0,0x70,0x0,0x65,0x0,0x74,0x0,0x69,0x0,0x72,0x0,
  0x22,0x0,0x2e,0x8,0x0,0x0,0x0,0x0,0x6,0x0,0x0,0x1,0xef,0x6d,0x79,0x73,
  0x71,0x6c,0x64,0x20,0x6e,0x65,0x20,0x70,0x61,0x72,0x76,0x69,0x65,0x6e,0x74,0x20,
  0x70,0x61,0x73,0x20,0xc3,0xa0,0x20,0xc3,0xa9,0x63,0x72,0x69,0x72,0x65,0x20,0x64,
  0x61,0x6e,0x73,0x20,0x2f,0x55,0x73,0x65,0x72,0x73,0x2f,0x53,0x68,0x61,0x72,0x65,
  0x64,0x2e,0x20,0x53,0x75,0x72,0x20,0x6d,0x61,0x63,0x4f,0x53,0x2c,0x20,0x75,0x6e,
  0x20,0x64,0xc3,0xa9,0x6d,0x6f,0x6e,0x20,0x64,0x6f,0x69,0x74,0x20,0x64,0x69,0x73,
  0x70,0x6f,0x73,0x65,0x72,0x20,0x64,0x65,0x20,0x6c,0x27,0xc2,0xab,0x20,0x41,0x63,
  0x63,0xc3,0xa8,0x73,0x20,0x63,0x6f,0x6d,0x70,0x6c,0x65,0x74,0x20,0x61,0x75,0x20,
  0x64,0x69,0x73,0x71,0x75,0x65,0x20,0xc2,0xbb,0x20,0x70,0x6f,0x75,0x72,0x20,0x79,
  0x20,0x61,0x63,0x63,0xc3,0xa9,0x64,0x65,0x72,0x2e,0xa,0xa,0x50,0x6f,0x75,0x72,
  0x20,0x6c,0x27,0x61,0x75,0x74,0x6f,0x72,0x69,0x73,0x65,0x72,0x20,0x3a,0xa,0x20,
  0x20,0x31,0x2e,0x20,0x43,0x6c,0x69,0x71,0x75,0x65,0x7a,0x20,0x73,0x75,0x72,0x20,
  0xc2,0xab,0x20,0x4f,0x75,0x76,0x72,0x69,0x72,0x20,0x6c,0x65,0x73,0x20,0x52,0xc3,
  0xa9,0x67,0x6c,0x61,0x67,0x65,0x73,0x20,0x53,0x79,0x73,0x74,0xc3,0xa8,0x6d,0x65,
  0x20,0xc2,0xbb,0x2e,0xa,0x20,0x20,0x32,0x2e,0x20,0x44,0x61,0x6e,0x73,0x20,0x6c,
  0x61,0x20,0x6c,0x69,0x73,0x74,0x65,0x2c,0x20,0x63,0x6c,0x69,0x71,0x75,0x65,0x7a,
  0x20,0x73,0x75,0x72,0x20,0x6c,0x65,0x20,0x62,0x6f,0x75,0x74,0x6f,0x6e,0x20,0xc2,
  0xab,0x20,0x2b,0x20,0xc2,0xbb,0x2e,0xa,0x20,0x20,0x33,0x2e,0x20,0x6d,0x79,0x73,
  0x71,0x6c,0x64,0x20,0x65,0x73,0x74,0x20,0x72,0xc3,0xa9,0x76,0xc3,0xa9,0x6c,0xc3,
  0xa9,0x20,0x64,0x61,0x6e,0x73,0x20,0x6c,0x65,0x20,0x46,0x69,0x6e,0x64,0x65,0x72,
  0x20,0x3a,0x20,0x67,0x6c,0x69,0x73,0x73,0x65,0x7a,0x2d,0x6c,0x65,0x20,0x64,0x61,
  0x6e,0x73,0x20,0x6c,0x61,0x20,0x66,0x65,0x6e,0xc3,0xaa,0x74,0x72,0x65,0x20,0x28,
  0x6f,0x75,0x20,0x61,0x70,0x70,0x75,0x79,0x65,0x7a,0x20,0x73,0x75,0x72,0x20,0xe2,
  0x8c,0x98,0xe2,0x87,0xa7,0x47,0x20,0x65,0x74,0x20,0x63,0x6f,0x6c,0x6c,0x65,0x7a,
  0x20,0x73,0x6f,0x6e,0x20,0x63,0x68,0x65,0x6d,0x69,0x6e,0x29,0x20,0x3a,0xa,0xa,
  0x20,0x20,0x20,0x20,0x20,0x20,0x20,0x20,0x25,0x31,0xa,0xa,0x20,0x20,0x34,0x2e,
  0x20,0x41,0x63,0x74,0x69,0x76,0x65,0x7a,0x20,0x6c,0x27,0x69,0x6e,0x74,0x65,0x72,
  0x72,0x75,0x70,0x74,0x65,0x75,0x72,0x20,0x65,0x6e,0x20,0x66,0x61,0x63,0x65,0x20,
  0x64,0x65,0x20,0x6d,0x79,0x73,0x71,0x6c,0x64,0x2e,0xa,0x20,0x20,0x35,0x2e,0x20,
  0x52,0x65,0x76,0x65,0x6e,0x65,0x7a,0x20,0x69,0x63,0x69,0x20,0x65,0x74,0x20,0x63,
  0x6c,0x69,0x71,0x75,0x65,0x7a,0x20,0x73,0x75,0x72,0x20,0xc2,0xab,0x20,0x52,0xc3,
  0xa9,0x65,0x73,0x73,0x61,0x79,0x65,0x72,0x20,0xc2,0xbb,0x2e,0x7,0x0,0x0,0x0,
  0xd,0x41,0x70,0x70,0x43,0x6f,0x6e,0x74,0x72,0x6f,0x6c,0x6c,0x65,0x72,0x1,0x3,
  0x0,0x0,0x0,0x3e,0x0,0x35,0x0,0x20,0x0,0x61,0x0,0x20,0x0,0x31,0x0,0x32,
  0x0,0x20,0x0,0x63,0x0,0x61,0x0,0x72,0x0,0x61,0x0,0x63,0x0,0x74,0x0,0x65,
  0x0,0x72,0x0,0x65,0x0,0x73,0x0,0x20,0x0,0x61,0x0,0x6c,0x0,0x66,0x0,0x61,
  0x0,0x6e,0x0,0x75,0x0,0x6d,0x0,0xe9,0x0,0x72,0x0,0x69,0x0,0x63,0x0,0x6f,
  0x0,0x73,0x8,0x0,0x0,0x0,0x0,0x6,0x0,0x0,0x0,0x24,0x35,0x20,0xc3,0xa0,
  0x20,0x31,0x32,0x20,0x63,0x61,0x72,0x61,0x63,0x74,0xc3,0xa8,0x72,0x65,0x73,0x20,
  0x61,0x6c,0x70,0x68,0x61,0x6e,0x75,0x6d,0xc3,0xa9,0x72,0x69,0x71,0x75,0x65,0x73,
  0x7,0x0,0x0,0x0,0x11,0x43,0x72,0x65,0x64,0x65,0x6e,0x74,0x69,0x61,0x6c,0x73,
  0x44,0x69,0x61,0x6c,0x6f,0x67,0x1,0x3,0x0,0x0,0x0,0x3e,0x0,0x35,0x0,0x20,
  0x0,0x61,0x0,0x20,0x0,0x31,0x0,0x35,0x0,0x20,0x0,0x63,0x0,0x61,0x0,0x72,
  0x0,0x61,0x0,0x63,0x0,0x74,0x0,0x65,0x0,0x72,0x0,0x65,0x0,0x73,0x0,0x20,
  0x0,0x61,0x0,0x6c,0x0,0x66,0x0,0x61,0x0,0x6e,0x0,0x75,0x0,0x6d,0x0,0xe9,
  0x0,0x72,0x0,0x69,0x0,0x63,0x0,0x6f,0x0,0x73,0x8,0x0,0x0,0x0,0x0,0x6,
  0x0,0x0,0x0,0x24,0x35,0x20,0xc3,0xa0,0x20,0x31,0x35,0x20,0x63,0x61,0x72,0x61,
  0x63,0x74,0xc3,0xa8,0x72,0x65,0x73,0x20,0x61,0x6c,0x70,0x68,0x61,0x6e,0x75,0x6d,
  0xc3,0xa9,0x72,0x69,0x71,0x75,0x65,0x73,0x7,0x0,0x0,0x0,0x11,0x43,0x72,0x65,
  0x64,0x65,0x6e,0x74,0x69,0x61,0x6c,0x73,0x44,0x69,0x61,0x6c,0x6f,0x67,0x1,0x3,
  0x0,0x0,0x0,0x10,0x0,0x43,0x0,0x61,0x0,0x6e,0x0,0x63,0x0,0x65,0x0,0x6c,
  0x0,0x61,0x0,0x72,0x8,0x0,0x0,0x0,0x0,0x6,0x0,0x0,0x0,0x7,0x41,0x6e,
  0x6e,0x75,0x6c,0x65,0x72,0x7,0x0,0x0,0x0,0x11,0x43,0x72,0x65,0x64,0x65,0x6e,
  0x74,0x69,0x61,0x6c,0x73,0x44,0x69,0x61,0x6c,0x6f,0x67,0x1,0x3,0x0,0x0,0x0,
  0xa6,0x0,0x45,0x0,0x73,0x0,0x74,0x0,0x61,0x0,0x20,0x0,0x63,0x0,0x6f,0x0,
  0x6e,0x0,0x74,0x0,0x61,0x0,0x20,0x0,0x73,0x0,0x65,0x0,0x72,0x0,0xe1,0x0,
  0x20,0x0,0x75,0x0,0x73,0x0,0x61,0x0,0x64,0x0,0x61,0x0,0x20,0x0,0x70,0x0,
  0x61,0x0,0x72,0x0,0x61,0x0,0x20,0x0,0x61,0x0,0x63,0x0,0x65,0x0,0x73,0x0,
  0x73,0x0,0x61,0x0,0x72,0x0,0x20,0x0,0x6f,0x0,0x20,0x0,0x4d,0x0,0x79,0x0,
  0x53,0x0,0x51,0x0,0x4c,0x0,0x2e,0x0,0xa,0x0,0x41,0x0,0x70,0x0,0x65,0x0,
  0x6e,0x0,0x61,0x0,0x73,0x0,0x20,0x0,0x6c,0x0,0x65,0x0,0x74,0x0,0x72,0x0,
  0x61,0x0,0x73,0x0,0x20,0x0,0x65,0x0,0x20,0x0,0x64,0x0,0xed,0x0,0x67,0x0,
  0x69,0x0,0x74,0x0,0x6f,0x0,0x73,0x0,0x20,0x0,0x73,0x0,0xe3,0x0,0x6f,0x0,
  0x20,0x0,0x70,0x0,0x65,0x0,0x72,0x0,0x6d,0x0,0x69,0x0,0x74,0x0,0x69,0x0,
  0x64,0x0,0x6f,0x0,0x73,0x0,0x2e,0x8,0x0,0x0,0x0,0x0,0x6,0x0,0x0,0x0,
  0x5e,0x43,0x65,0x20,0x63,0x6f,0x6d,0x70,0x74,0x65,0x20,0x73,0x65,0x72,0x61,0x20,
  0x75,0x74,0x69,0x6c,0x69,0x73,0xc3,0xa9,0x20,0x70,0x6f,0x75,0x72,0x20,0x61,0x63,
  0x63,0xc3,0xa9,0x64,0x65,0x72,0x20,0xc3,0xa0,0x20,0x4d,0x79,0x53,0x51,0x4c,0x2e,
  0xa,0x53,0x65,0x75,0x6c,0x73,0x20,0x6c,0x65,0x73,0x20,0x6c,0x65,0x74,0x74,0x72,
  0x65,0x73,0x20,0x65,0x74,0x20,0x63,0x68,0x69,0x66,0x66,0x72,0x65,0x73,0x20,0x73,
  0x6f,0x6e,0x74,0x20,0x61,0x75,0x74,0x6f,0x72,0x69,0x73,0xc3,0xa9,0x73,0x2e,0x7,
  0x0,0x0,0x0,0x11,0x43,0x72,0x65,0x64,0x65,0x6e,0x74,0x69,0x61,0x6c,0x73,0x44,
  0x69,0x61,0x6c,0x6f,0x67,0x1,0x3,0x0,0x0,0x0,0x14,0x0,0x43,0x0,0x6f,0x0,
  0x6e,0x0,0x66,0x0,0x69,0x0,0x72,0x0,0x6d,0x0,0x61,0x0,0x72,0x0,0x3a,0x8,
  0x0,0x0,0x0,0x0,0x6,0x0,0x0,0x0,0xe,0x43,0x6f,0x6e,0x66,0x69,0x72,0x6d,
  0x61,0x74,0x69,0x6f,0x6e,0x20,0x3a,0x7,0x0,0x0,0x0,0x11,0x43,0x72,0x65,0x64,
  0x65,0x6e,0x74,0x69,0x61,0x6c,0x73,0x44,0x69,0x61,0x6c,0x6f,0x67,0x1,0x3,0x0,
  0x0,0x0,0x20,0x0,0x43,0x0,0x6f,0x0,0x6e,0x0,0x65,0x0,0x78,0x0,0xe3,0x0,
  0x6f,0x0,0x20,0x0,0x61,0x0,0x6f,0x0,0x20,0x0,0x4d,0x0,0x79,0x0,0x53,0x0,
  0x51,0x0,0x4c,0x8,0x0,0x0,0x0,0x0,0x6,0x0,0x0,0x0,0x12,0x43,0x6f,0x6e,
  0x6e,0x65,0x78,0x69,0x6f,0x6e,0x20,0xc3,0xa0,0x20,0x4d,0x79,0x53,0x51,0x4c,0x7,
  0x0,0x0,0x0,0x11,0x43,0x72,0x65,0x64,0x65,0x6e,0x74,0x69,0x61,0x6c,0x73,0x44,
  0x69,0x61,0x6c,0x6f,0x67,0x1,0x3,0x0,0x0,0x0,0x16,0x0,0x43,0x0,0x72,0x0,
  0x69,0x0,0x61,0x0,0x72,0x0,0x20,0x0,0x63,0x0,0x6f,0x0,0x6e,0x0,0x74,0x0,
  0x61,0x8,0x0,0x0,0x0,0x0,0x6,0x0,0x0,0x0,0x10,0x43,0x72,0xc3,0xa9,0x65,
  0x72,0x20,0x6c,0x65,0x20,0x63,0x6f,0x6d,0x70,0x74,0x65,0x7,0x0,0x0,0x0,0x11,
  0x43,0x72,0x65,0x64,0x65,0x6e,0x74,0x69,0x61,0x6c,0x73,0x44,0x69,0x61,0x6c,0x6f,
  0x67,0x1,0x3,0x0,0x0,0x0,0x22,0x0,0x43,0x0,0x72,0x0,0x69,0x0,0x61,0x0,
  0x72,0x0,0x20,0x0,0x63,0x0,0x6f,0x0,0x6e,0x0,0x74,0x0,0x61,0x0,0x20,0x0,
  0x4d,0x0,0x79,0x0,0x53,0x0,0x51,0x0,0x4c,0x8,0x0,0x0,0x0,0x0,0x6,0x0,
  0x0,0x0,0x16,0x43,0x72,0xc3,0xa9,0x65,0x72,0x20,0x75,0x6e,0x20,0x63,0x6f,0x6d,
  0x70,0x74,0x65,0x20,0x4d,0x79,0x53,0x51,0x4c,0x7,0x0,0x0,0x0,0x11,0x43,0x72,
  0x65,0x64,0x65,0x6e,0x74,0x69,0x61,0x6c,0x73,0x44,0x69,0x61,0x6c,0x6f,0x67,0x1,
  0x3,0x0,0x0,0x0,0x5e,0x0,0x50,0x0,0x61,0x0,0x73,0x0,0x74,0x0,0x61,0x0,
  0x20,0x0,0x63,0x0,0x6f,0x0,0x6d,0x0,0x70,0x0,0x61,0x0,0x72,0x0,0x74,0x0,
  0x69,0x0,0x6c,0x0,0x68,0x0,0x61,0x0,0x64,0x0,0x61,0x0,0x20,0x0,0x65,0x0,
  0x78,0x0,0x69,0x0,0x73,0x0,0x74,0x0,0x65,0x0,0x20,0x0,0x65,0x0,0x20,0x0,
  0x65,0x0,0x73,0x0,0x74,0x0,0xe1,0x0,0x20,0x0,0x63,0x0,0x6f,0x0,0x6d,0x0,
  0x70,0x0,0x61,0x0,0x72,0x0,0x74,0x0,0x69,0x0,0x6c,0x0,0x68,0x0,0x61,0x0,
  0x64,0x0,0x61,0x8,0x0,0x0,0x0,0x0,0x6,0x0,0x0,0x0,0x23,0x44,0x6f,0x73,
  0x73,0x69,0x65,0x72,0x20,0x70,0x61,0x72,0x74,0x61,0x67,0xc3,0xa9,0x20,0x65,0x78,
  0x69,0x73,0x74,0x65,0x20,0x65,0x74,0x20,0x70,0x61,0x72,0x74,0x61,0x67,0xc3,0xa9,
  0x7,0x0,0x0,0x0,0x11,0x43,0x72,0x65,0x64,0x65,0x6e,0x74,0x69,0x61,0x6c,0x73,
  0x44,0x69,0x61,0x6c,0x6f,0x67,0x1,0x3,0x0,0x0,0x0,0x44,0x0,0x50,0x0,0x72,
  0x0,0x69,0x0,0x76,0x0,0x69,0x0,0x6c,0x0,0xe9,0x0,0x67,0x0,0x69,0x0,0x6f,
  0x0,0x73,0x0,0x20,0x0,0x64,0x0,0x6f,0x0,0x20,0x0,0x75,0x0,0x73,0x0,0x75,
  0x0,0xe1,0x0,0x72,0x0,0x69,0x0,0x6f,0x0,0x20,0x0,0x63,0x0,0x6f,0x0,0x6e,
  0x0,0x66,0x0,0x69,0x0,0x72,0x0,0x6d,0x0,0x61,0x0,0x64,0x0,0x6f,0x0,0x73,
  0x8,0x0,0x0,0x0,0x0,0x6,0x0,0x0,0x0,0x1e,0x44,0x72,0x6f,0x69,0x74,0x73,
  0x20,0x75,0x74,0x69,0x6c,0x69,0x73,0x61,0x74,0x65,0x75,0x72,0x73,0x20,0x63,0x6f,
  0x6e,0x66,0x69,0x72,0x6d,0xc3,0xa9,0x73,0x7,0x0,0x0,0x0,0x11,0x43,0x72,0x65,
  0x64,0x65,0x6e,0x74,0x69,0x61,0x6c,0x73,0x44,0x69,0x61,0x6c,0x6f,0x67,0x1,0x3,
  0x0,0x0,0x0,0x56,0x0,0x4f,0x0,0x20,0x0,0x75,0x0,0x73,0x0,0x75,0x0,0xe1,
  0x0,0x72,0x0,0x69,0x0,0x6f,0x0,0x20,0x0,0x64,0x0,0x65,0x0,0x76,0x0,0x65,
  0x0,0x20,0x0,0x74,0x0,0x65,0x0,0x72,0x0,0x20,0x0,0x70,0x0,0x65,0x0,0x6c,
  0x0,0x6f,0x0,0x20,0x0,0x6d,0x0,0x65,0x0,0x6e,0x0,0x6f,0x0,0x73,0x0,0x20,
  0x0,0x35,0x0,0x20,0x0,0x63,0x0,0x61,0x0,0x72,0x0,0x61,0x0,0x63,0x0,0x74,
  0x0,0x65,0x0,0x72,0x0,0x65,0x0,0x73,0x0,0x2e,0x8,0x0,0x0,0x0,0x0,0x6,
  0x0,0x0,0x0,0x2e,0x4c,0x65,0x20,0x6c,0x6f,0x67,0x69,0x6e,0x20,0x64,0x6f,0x69,
  0x74,0x20,0x63,0x6f,0x6e,0x74,0x65,0x6e,0x69,0x72,0x20,0x61,0x75,0x20,0x6d,0x6f,
  0x69,0x6e,0x73,0x20,0x35,0x20,0x63,0x61,0x72,0x61,0x63,0x74,0xc3,0xa8,0x72,0x65,
  0x73,0x2e,0x7,0x0,0x0,0x0,0x11,0x43,0x72,0x65,0x64,0x65,0x6e,0x74,0x69,0x61,
  0x6c,0x73,0x44,0x69,0x61,0x6c,0x6f,0x67,0x1,0x3,0x0,0x0,0x0,0x52,0x0,0x41,
  0x0,0x20,0x0,0x73,0x0,0x65,0x0,0x6e,0x0,0x68,0x0,0x61,0x0,0x20,0x0,0x64,
  0x0,0x65,0x0,0x76,0x0,0x65,0x0,0x20,0x0,0x74,0x0,0x65,0x0,0x72,0x0,0x20,
  0x0,0x70,0x0,0x65,0x0,0x6c,0x0,0x6f,0x0,0x20,0x0,0x6d,0x0,0x65,0x0,0x6e,
  0x0,0x6f,0x0,0x73,0x0,0x20,0x0,0x35,0x0,0x20,0x0,0x63,0x0,0x61,0x0,0x72,
  0x0,0x61,0x0,0x63,0x0,0x74,0x0,0x65,0x0,0x72,0x0,0x65,0x0,0x73,0x0,0x2e,
  0x8,0x0,0x0,0x0,0x0,0x6,0x0,0x0,0x0,0x35,0x4c,0x65,0x20,0x6d,0x6f,0x74,
  0x20,0x64,0x65,0x20,0x70,0x61,0x73,0x73,0x65,0x20,0x64,0x6f,0x69,0x74,0x20,0x63,
  0x6f,0x6e,0x74,0x65,0x6e,0x69,0x72,0x20,0x61,0x75,0x20,0x6d,0x6f,0x69,0x6e,0x73,
  0x20,0x35,0x20,0x63,0x61,0x72,0x61,0x63,0x74,0xc3,0xa8,0x72,0x65,0x73,0x2e,0x7,
  0x0,0x0,0x0,0x11,0x43,0x72,0x65,0x64,0x65,0x6e,0x74,0x69,0x61,0x6c,0x73,0x44,
  0x69,0x61,0x6c,0x6f,0x67,0x1,0x3,0x0,0x0,0x0,0x48,0x0,0x4c,0x0,0x65,0x0,
  0x69,0x0,0x74,0x0,0x75,0x0,0x72,0x0,0x61,0x0,0x2f,0x0,0x67,0x0,0x72,0x0,
  0x61,0x0,0x76,0x0,0x61,0x0,0xe7,0x0,0xe3,0x0,0x6f,0x0,0x20,0x0,0x64,0x0,
  0x6f,0x0,0x20,0x0,0x6d,0x0,0x79,0x0,0x73,0x0,0x71,0x0,0x6c,0x0,0x20,0x0,
  0x76,0x0,0x65,0x0,0x72,0x0,0x69,0x0,0x66,0x0,0x69,0x0,0x63,0x0,0x61,0x0,
  0x64,0x0,0x61,0x8,0x0,0x0,0x0,0x0,0x6,0x0,0x0,0x0,0x24,0x4c,0x65,0x63,
  0x74,0x75,0x72,0x65,0x20,0x2f,0x20,0xc3,0xa9,0x63,0x72,0x69,0x74,0x75,0x72,0x65,
  0x20,0x6d,0x79,0x73,0x71,0x6c,0x20,0x76,0xc3,0xa9,0x72,0x69,0x66,0x69,0xc3,0xa9,
  0x65,0x7,0x0,0x0,0x0,0x11,0x43,0x72,0x65,0x64,0x65,0x6e,0x74,0x69,0x61,0x6c,
  0x73,0x44,0x69,0x61,0x6c,0x6f,0x67,0x1,0x3,0x0,0x0,0x0,0x30,0x0,0x41,0x0,
  0x73,0x0,0x20,0x0,0x73,0x0,0x65,0x0,0x6e,0x0,0x68,0x0,0x61,0x0,0x73,0x0,
  0x20,0x0,0x6e,0x0,0xe3,0x0,0x6f,0x0,0x20,0x0,0x63,0x0,0x6f,0x0,0x69,0x0,
  0x6e,0x0,0x63,0x0,0x69,0x0,0x64,0x0,0x65,0x0,0x6d,0x0,0x2e,0x8,0x0,0x0,
  0x0,0x0,0x6,0x0,0x0,0x0,0x27,0x4c,0x65,0x73,0x20,0x6d,0x6f,0x74,0x73,0x20,
  0x64,0x65,0x20,0x70,0x61,0x73,0x73,0x65,0x20,0x6e,0x65,0x20,0x63,0x6f,0x72,0x72,
  0x65,0x73,0x70,0x6f,0x6e,0x64,0x65,0x6e,0x74,0x20,0x70,0x61,0x73,0x2e,0x7,0x0,
  0x0,0x0,0x11,0x43,0x72,0x65,0x64,0x65,0x6e,0x74,0x69,0x61,0x6c,0x73,0x44,0x69,
  0x61,0x6c,0x6f,0x67,0x1,0x3,0x0,0x0,0x0,0x10,0x0,0x55,0x0,0x73,0x0,0x75,
  0x0,0xe1,0x0,0x72,0x0,0x69,0x0,0x6f,0x0,0x3a,0x8,0x0,0x0,0x0,0x0,0x6,
  0x0,0x0,0x0,0x7,0x4c,0x6f,0x67,0x69,0x6e,0x20,0x3a,0x7,0x0,0x0,0x0,0x11,
  0x43,0x72,0x65,0x64,0x65,0x6e,0x74,0x69,0x61,0x6c,0x73,0x44,0x69,0x61,0x6c,0x6f,
  0x67,0x1,0x3,0x0,0x0,0x0,0xc,0x0,0x53,0x0,0x65,0x0,0x6e,0x0,0x68,0x0,
  0x61,0x0,0x3a,0x8,0x0,0x0,0x0,0x0,0x6,0x0,0x0,0x0,0xe,0x4d,0x6f,0x74,
  0x20,0x64,0x65,0x20,0x70,0x61,0x73,0x73,0x65,0x20,0x3a,0x7,0x0,0x0,0x0,0x11,
  0x43,0x72,0x65,0x64,0x65,0x6e,0x74,0x69,0x61,0x6c,0x73,0x44,0x69,0x61,0x6c,0x6f,
  0x67,0x1,0x3,0x0,0x0,0x0,0x2a,0x0,0x4d,0x0,0x79,0x0,0x53,0x0,0x51,0x0,
  0x4c,0x0,0x20,0x0,0x38,0x0,0x2e,0x0,0x34,0x0,0x2e,0x0,0x33,0x0,0x20,0x0,
  0x69,0x0,0x6e,0x0,0x73,0x0,0x74,0x0,0x61,0x0,0x6c,0x0,0x61,0x0,0x64,0x0,
  0x6f,0x8,0x0,0x0,0x0,0x0,0x6,0x0,0x0,0x0,0x15,0x4d,0x79,0x53,0x51,0x4c,
  0x20,0x38,0x2e,0x34,0x2e,0x33,0x20,0x69,0x6e,0x73,0x74,0x61,0x6c,0x6c,0xc3,0xa9,
  0x7,0x0,0x0,0x0,0x11,0x43,0x72,0x65,0x64,0x65,0x6e,0x74,0x69,0x61,0x6c,0x73,
  0x44,0x69,0x61,0x6c,0x6f,0x67,0x1,0x3,0x0,0x0,0x0,0x1e,0x0,0x4d,0x0,0x79,
  0x0,0x53,0x0,0x51,0x0,0x4c,0x0,0x20,0x0,0x49,0x0,0x6e,0x0,0x73,0x0,0x74,
  0x0,0x61,0x0,0x6c,0x0,0x6c,0x0,0x65,0x0,0x72,0x8,0x0,0x0,0x0,0x0,0x6,
  0x0,0x0,0x0,0xf,0x4d,0x79,0x53,0x51,0x4c,0x20,0x49,0x6e,0x73,0x74,0x61,0x6c,
  0x6c,0x65,0x72,0x7,0x0,0x0,0x0,0x11,0x43,0x72,0x65,0x64,0x65,0x6e,0x74,0x69,
  0x61,0x6c,0x73,0x44,0x69,0x61,0x6c,0x6f,0x67,0x1,0x3,0x0,0x0,0x0,0x1c,0x0,
  0x52,0x0,0x65,0x0,0x70,0x0,0x69,0x0,0x74,0x0,0x61,0x0,0x20,0x0,0x61,0x0,
  0x20,0x0,0x73,0x0,0x65,0x0,0x6e,0x0,0x68,0x0,0x61,0x8,0x0,0x0,0x0,0x0,
  0x6,0x0,0x0,0x0,0x19,0x52,0xc3,0xa9,0x70,0xc3,0xa9,0x74,0x65,0x7a,0x20,0x6c,
  0x65,0x20,0x6d,0x6f,0x74,0x20,0x64,0x65,0x20,0x70,0x61,0x73,0x73,0x65,0x7,0x0,
  0x0,0x0,0x11,0x43,0x72,0x65,0x64,0x65,0x6e,0x74,0x69,0x61,0x6c,0x73,0x44,0x69,
  0x61,0x6c,0x6f,0x67,0x1,0x3,0x0,0x0,0x0,0x8c,0x0,0x49,0x0,0x6e,0x0,0x73,
  0x0,0x69,0x0,0x72,0x0,0x61,0x0,0x20,0x0,0x73,0x0,0x75,0x0,0x61,0x0,0x73,
  0x0,0x20,0x0,0x63,0x0,0x72,0x0,0x65,0x0,0x64,0x0,0x65,0x0,0x6e,0x0,0x63,
  0x0,0x69,0x0,0x61,0x0,0x69,0x0,0x73,0x0,0x20,0x0,0x4d,0x0,0x79,0x0,0x53,
  0x0,0x51,0x0,0x4c,0x0,0x2e,0x0,0xa,0x0,0x41,0x0,0x70,0x0,0x65,0x0,0x6e,
  0x0,0x61,0x0,0x73,0x0,0x20,0x0,0x6c,0x0,0x65,0x0,0x74,0x0,0x72,0x0,0x61,
  0x0,0x73,0x0,0x20,0x0,0x65,0x0,0x20,0x0,0x64,0x0,0xed,0x0,0x67,0x0,0x69,
  0x0,0x74,0x0,0x6f,0x0,0x73,0x0,0x20,0x0,0x73,0x0,0xe3,0x0,0x6f,0x0,0x20,
  0x0,0x70,0x0,0x65,0x0,0x72,0x0,0x6d,0x0,0x69,0x0,0x74,0x0,0x69,0x0,0x64,
  0x0,0x6f,0x0,0x73,0x0,0x2e,0x8,0x0,0x0,0x0,0x0,0x6,0x0,0x0,0x0,0x50,
  0x53,0x61,0x69,0x73,0x69,0x73,0x73,0x65,0x7a,0x20,0x76,0x6f,0x73,0x20,0x69,0x64,
  0x65,0x6e,0x74,0x69,0x66,0x69,0x61,0x6e,0x74,0x73,0x20,0x4d,0x79,0x53,0x51,0x4c,
  0x2e,0xa,0x53,0x65,0x75,0x6c,0x73,0x20,0x6c,0x65,0x73,0x20,0x6c,0x65,0x74,0x74,
  0x72,0x65,0x73,0x20,0x65,0x74,0x20,0x63,0x68,0x69,0x66,0x66,0x72,0x65,0x73,0x20,
  0x73,0x6f,0x6e,0x74,0x20,0x61,0x75,0x74,0x6f,0x72,0x69,0x73,0xc3,0xa9,0x73,0x2e,
  0x7,0x0,0x0,0x0,0x11,0x43,0x72,0x65,0x64,0x65,0x6e,0x74,0x69,0x61,0x6c,0x73,
  0x44,0x69,0x61,0x6c,0x6f,0x67,0x1,0x3,0x0,0x0,0x0,0x3a,0x0,0x56,0x0,0x61,
  0x0,0x72,0x0,0x69,0x0,0xe1,0x0,0x76,0x0,0x65,0x0,0x6c,0x0,0x20,0x0,0x64,
  0x0,0x65,0x0,0x20,0x0,0x61,0x0,0x6d,0x0,0x62,0x0,0x69,0x0,0x65,0x0,0x6e,
  0x0,0x74,0x0,0x65,0x0,0x20,0x0,0x4d,0x0,0x79,0x0,0x53,0x0,0x51,0x0,0x4c,
  0x0,0x20,0x0,0x4f,0x0,0x4b,0x8,0x0,0x0,0x0,0x0,0x6,0x0,0x0,0x0,0x21,
  0x56,0x61,0x72,0x69,0x61,0x62,0x6c,0x65,0x20,0x64,0x27,0x65,0x6e,0x76,0x69,0x72,
  0x6f,0x6e,0x6e,0x65,0x6d,0x65,0x6e,0x74,0x20,0x4d,0x79,0x53,0x51,0x4c,0x20,0x4f,
  0x4b,0x7,0x0,0x0,0x0,0x11,0x43,0x72,0x65,0x64,0x65,0x6e,0x74,0x69,0x61,0x6c,
  0x73,0x44,0x69,0x61,0x6c,0x6f,0x67,0x1,0x3,0x0,0x0,0x0,0x12,0x0,0x56,0x0,
  0x65,0x0,0x72,0x0,0x69,0x0,0x66,0x0,0x69,0x0,0x63,0x0,0x61,0x0,0x72,0x8,
  0x0,0x0,0x0,0x0,0x6,0x0,0x0,0x0,0x9,0x56,0xc3,0xa9,0x72,0x69,0x66,0x69,
  0x65,0x72,0x7,0x0,0x0,0x0,0x11,0x43,0x72,0x65,0x64,0x65,0x6e,0x74,0x69,0x61,
  0x6c,0x73,0x44,0x69,0x61,0x6c,0x6f,0x67,0x1,0x3,0x0,0x0,0x0,0x38,0x0,0x73,
  0x0,0x65,0x0,0x63,0x0,0x75,0x0,0x72,0x0,0x65,0x0,0x5f,0x0,0x66,0x0,0x69,
  0x0,0x6c,0x0,0x65,0x0,0x5f,0x0,0x70,0x0,0x72,0x0,0x69,0x0,0x76,0x0,0x20,
  0x0,0x63,0x0,0x6f,0x0,0x6e,0x0,0x66,0x0,0x69,0x0,0x67,0x0,0x75,0x0,0x72,
  0x0,0x61,0x0,0x64,0x0,0x6f,0x8,0x0,0x0,0x0,0x0,0x6,0x0,0x0,0x0,0x1b,
  0x73,0x65,0x63,0x75,0x72,0x65,0x5f,0x66,0x69,0x6c,0x65,0x5f,0x70,0x72,0x69,0x76,
  0x20,0x63,0x6f,0x6e,0x66,0x69,0x67,0x75,0x72,0xc3,0xa9,0x7,0x0,0x0,0x0,0x11,
  0x43,0x72,0x65,0x64,0x65,0x6e,0x74,0x69,0x61,0x6c,0x73,0x44,0x69,0x61,0x6c,0x6f,
  0x67,0x1,0x3,0x0,0x0,0x0,0x28,0x0,0x53,0x0,0x74,0x0,0x61,0x0,0x74,0x0,
  0x75,0x0,0x73,0x0,0x20,0x0,0x64,0x0,0x61,0x0,0x20,0x0,0x69,0x0,0x6e,0x0,
  0x73,0x0,0x74,0x0,0x61,0x0,0x6c,0x0,0x61,0x0,0xe7,0x0,0xe3,0x0,0x6f,0x8,
  0x0,0x0,0x0,0x0,0x6,0x0,0x0,0x0,0x17,0xc3,0x89,0x74,0x61,0x74,0x20,0x64,
  0x65,0x20,0x6c,0x27,0x69,0x6e,0x73,0x74,0x61,0x6c,0x6c,0x61,0x74,0x69,0x6f,0x6e,
  0x7,0x0,0x0,0x0,0x11,0x43,0x72,0x65,0x64,0x65,0x6e,0x74,0x69,0x61,0x6c,0x73,
  0x44,0x69,0x61,0x6c,0x6f,0x67,0x1,0x3,0x0,0x0,0x0,0x1e,0x0,0x4d,0x0,0x79,
  0x0,0x53,0x0,0x51,0x0,0x4c,0x0,0x20,0x0,0x49,0x0,0x6e,0x0,0x73,0x0,0x74,
  0x0,0x61,0x0,0x6c,0x0,0x6c,0x0,0x65,0x0,0x72,0x8,0x0,0x0,0x0,0x0,0x6,
  0x0,0x0,0x0,0xf,0x4d,0x79,0x53,0x51,0x4c,0x20,0x49,0x6e,0x73,0x74,0x61,0x6c,
  0x6c,0x65,0x72,0x7,0x0,0x0,0x0,0xe,0x50,0x72,0x6f,0x67,0x72,0x65,0x73,0x73,
  0x44,0x69,0x61,0x6c,0x6f,0x67,0x1,0x3,0x0,0x0,0x0,0x88,0x0,0x45,0x0,0x73,
  0x0,0x74,0x0,0x65,0x0,0x20,0x0,0x70,0x0,0x72,0x0,0x6f,0x0,0x67,0x0,0x72,
  0x0,0x61,0x0,0x6d,0x0,0x61,0x0,0x20,0x0,0x72,0x0,0x65,0x0,0x71,0x0,0x75,
  0x0,0x65,0x0,0x72,0x0,0x20,0x0,0x57,0x0,0x69,0x0,0x6e,0x0,0x64,0x0,0x6f,
  0x0,0x77,0x0,0x73,0x0,0x20,0x0,0x31,0x0,0x30,0x0,0x20,0x0,0x6f,0x0,0x75,
  0x0,0x20,0x0,0x57,0x0,0x69,0x0,0x6e,0x0,0x64,0x0,0x6f,0x0,0x77,0x0,0x73,
  0x0,0x20,0x0,0x31,0x0,0x31,0x0,0x2e,0x0,0xa,0x0,0x56,0x0,0x65,0x0,0x72,
  0x0,0x73,0x0,0xe3,0x0,0x6f,0x0,0x20,0x0,0x64,0x0,0x65,0x0,0x74,0x0,0x65,
  0x0,0x63,0x0,0x74,0x0,0x61,0x0,0x64,0x0,0x61,0x0,0x3a,0x0,0x20,0x0,0x25,
  0x0,0x31,0x0,0x2e,0x8,0x0,0x0,0x0,0x0,0x6,0x0,0x0,0x0,0x4a,0x43,0x65,
  0x20,0x70,0x72,0x6f,0x67,0x72,0x61,0x6d,0x6d,0x65,0x20,0x6e,0xc3,0xa9,0x63,0x65,
  0x73,0x73,0x69,0x74,0x65,0x20,0x57,0x69,0x6e,0x64,0x6f,0x77,0x73,0x20,0x31,0x30,
  0x20,0x6f,0x75,0x20,0x57,0x69,0x6e,0x64,0x6f,0x77,0x73,0x20,0x31,0x31,0x2e,0xa,
  0x56,0x65,0x72,0x73,0x69,0x6f,0x6e,0x20,0x64,0xc3,0xa9,0x74,0x65,0x63,0x74,0xc3,
  0xa9,0x65,0x20,0x3a,0x20,0x25,0x31,0x2e,0x7,0x0,0x0,0x0,0x4,0x6d,0x61,0x69,
  0x6e,0x1,0x3,0x0,0x0,0x0,0x9c,0x0,0x45,0x0,0x73,0x0,0x74,0x0,0x65,0x0,
  0x20,0x0,0x70,0x0,0x72,0x0,0x6f,0x0,0x67,0x0,0x72,0x0,0x61,0x0,0x6d,0x0,
  0x61,0x0,0x20,0x0,0x72,0x0,0x65,0x0,0x71,0x0,0x75,0x0,0x65,0x0,0x72,0x0,
  0x20,0x0,0x6d,0x0,0x61,0x0,0x63,0x0,0x4f,0x0,0x53,0x0,0x20,0x0,0x4d,0x0,
  0x6f,0x0,0x6e,0x0,0x74,0x0,0x65,0x0,0x72,0x0,0x65,0x0,0x79,0x0,0x20,0x0,
  0x28,0x0,0x31,0x0,0x32,0x0,0x2e,0x0,0x30,0x0,0x29,0x0,0x20,0x0,0x6f,0x0,
  0x75,0x0,0x20,0x0,0x70,0x0,0x6f,0x0,0x73,0x0,0x74,0x0,0x65,0x0,0x72,0x0,
  0x69,0x0,0x6f,0x0,0x72,0x0,0x2e,0x0,0xa,0x0,0x56,0x0,0x65,0x0,0x72,0x0,
  0x73,0x0,0xe3,0x0,0x6f,0x0,0x20,0x0,0x64,0x0,0x65,0x0,0x74,0x0,0x65,0x0,
  0x63,0x0,0x74,0x0,0x61,0x0,0x64,0x0,0x61,0x0,0x3a,0x0,0x20,0x0,0x25,0x0,
  0x31,0x0,0x2e,0x8,0x0,0x0,0x0,0x0,0x6,0x0,0x0,0x0,0x62,0x43,0x65,0x20,
  0x70,0x72,0x6f,0x67,0x72,0x61,0x6d,0x6d,0x65,0x20,0x6e,0xc3,0xa9,0x63,0x65,0x73,
  0x73,0x69,0x74,0x65,0x20,0x6d,0x61,0x63,0x4f,0x53,0x20,0x4d,0x6f,0x6e,0x74,0x65,
  0x72,0x65,0x79,0x20,0x28,0x31,0x32,0x2e,0x30,0x29,0x20,0x6f,0x75,0x20,0x75,0x6e,
  0x65,0x20,0x76,0x65,0x72,0x73,0x69,0x6f,0x6e,0x20,0x75,0x6c,0x74,0xc3,0xa9,0x72,
  0x69,0x65,0x75,0x72,0x65,0x2e,0xa,0x56,0x65,0x72,0x73,0x69,0x6f,0x6e,0x20,0x64,
  0xc3,0xa9,0x74,0x65,0x63,0x74,0xc3,0xa9,0x65,0x20,0x3a,0x20,0x25,0x31,0x2e,0x7,
  0x0,0x0,0x0,0x4,0x6d,0x61,0x69,0x6e,0x1,0x3,0x0,0x0,0x0,0x28,0x0,0x53,
  0x0,0x69,0x0,0x73,0x0,0x74,0x0,0x65,0x0,0x6d,0x0,0x61,0x0,0x20,0x0,0x69,
  0x0,0x6e,0x0,0x63,0x0,0x6f,0x0,0x6d,0x0,0x70,0x0,0x61,0x0,0x74,0x0,0xed,
  0x0,0x76,0x0,0x65,0x0,0x6c,0x8,0x0,0x0,0x0,0x0,0x6,0x0,0x0,0x0,0x17,
  0x53,0x79,0x73,0x74,0xc3,0xa8,0x6d,0x65,0x20,0x6e,0x6f,0x6e,0x20,0x63,0x6f,0x6d,
  0x70,0x61,0x74,0x69,0x62,0x6c,0x65,0x7,0x0,0x0,0x0,0x4,0x6d,0x61,0x69,0x6e,
  0x1,0x88,0x0,0x0,0x0,0x2,0x3,0x1,
  
};

static const unsigned char qt_resource_name[] = {
  // i18n
  0x0,0x4,
  0x0,0x6,0xc4,0xee,
  0x0,0x69,
  0x0,0x31,0x0,0x38,0x0,0x6e,
    // mysql_installer_fr.qm
  0x0,0x15,
  0xb,0x17,0xe9,0xdd,
  0x0,0x6d,
  0x0,0x79,0x0,0x73,0x0,0x71,0x0,0x6c,0x0,0x5f,0x0,0x69,0x0,0x6e,0x0,0x73,0x0,0x74,0x0,0x61,0x0,0x6c,0x0,0x6c,0x0,0x65,0x0,0x72,0x0,0x5f,0x0,0x66,
  0x0,0x72,0x0,0x2e,0x0,0x71,0x0,0x6d,
    // mysql_installer_es.qm
  0x0,0x15,
  0xb,0x17,0x19,0xdd,
  0x0,0x6d,
  0x0,0x79,0x0,0x73,0x0,0x71,0x0,0x6c,0x0,0x5f,0x0,0x69,0x0,0x6e,0x0,0x73,0x0,0x74,0x0,0x61,0x0,0x6c,0x0,0x6c,0x0,0x65,0x0,0x72,0x0,0x5f,0x0,0x65,
  0x0,0x73,0x0,0x2e,0x0,0x71,0x0,0x6d,
    // mysql_installer_en.qm
  0x0,0x15,
  0xb,0x12,0xa9,0xdd,
  0x0,0x6d,
  0x0,0x79,0x0,0x73,0x0,0x71,0x0,0x6c,0x0,0x5f,0x0,0x69,0x0,0x6e,0x0,0x73,0x0,0x74,0x0,0x61,0x0,0x6c,0x0,0x6c,0x0,0x65,0x0,0x72,0x0,0x5f,0x0,0x65,
  0x0,0x6e,0x0,0x2e,0x0,0x71,0x0,0x6d,
    // mysql_installer_pt.qm
  0x0,0x15,
  0xb,0x2d,0xc9,0xdd,
  0x0,0x6d,
  0x0,0x79,0x0,0x73,0x0,0x71,0x0,0x6c,0x0,0x5f,0x0,0x69,0x0,0x6e,0x0,0x73,0x0,0x74,0x0,0x61,0x0,0x6c,0x0,0x6c,0x0,0x65,0x0,0x72,0x0,0x5f,0x0,0x70,
  0x0,0x74,0x0,0x2e,0x0,0x71,0x0,0x6d,
  
};

static const unsigned char qt_resource_struct[] = {
  // :
  0x0,0x0,0x0,0x0,0x0,0x2,0x0,0x0,0x0,0x1,0x0,0x0,0x0,0x1,
0x0,0x0,0x0,0x0,0x0,0x0,0x0,0x0,
  // :/i18n
  0x0,0x0,0x0,0x0,0x0,0x2,0x0,0x0,0x0,0x4,0x0,0x0,0x0,0x2,
0x0,0x0,0x0,0x0,0x0,0x0,0x0,0x0,
  // :/i18n/mysql_installer_en.qm
  0x0,0x0,0x0,0x6e,0x0,0x0,0x0,0x0,0x0,0x1,0x0,0x0,0x32,0x3c,
0x0,0x0,0x1,0x9e,0x9b,0xd6,0x67,0xba,
  // :/i18n/mysql_installer_es.qm
  0x0,0x0,0x0,0x3e,0x0,0x0,0x0,0x0,0x0,0x1,0x0,0x0,0x0,0x25,
0x0,0x0,0x1,0x9e,0x9b,0xd6,0x67,0xba,
  // :/i18n/mysql_installer_fr.qm
  0x0,0x0,0x0,0xe,0x0,0x0,0x0,0x0,0x0,0x1,0x0,0x0,0x0,0x0,
0x0,0x0,0x1,0x9e,0x9b,0xd6,0x67,0xba,
  // :/i18n/mysql_installer_pt.qm
  0x0,0x0,0x0,0x9e,0x0,0x0,0x0,0x0,0x0,0x1,0x0,0x0,0x61,0xb7,
0x0,0x0,0x1,0x9e,0x9b,0xd6,0x67,0xef,

};

#ifdef QT_NAMESPACE
#  define QT_RCC_PREPEND_NAMESPACE(name) ::QT_NAMESPACE::name
#  define QT_RCC_MANGLE_NAMESPACE0(x) x
#  define QT_RCC_MANGLE_NAMESPACE1(a, b) a##_##b
#  define QT_RCC_MANGLE_NAMESPACE2(a, b) QT_RCC_MANGLE_NAMESPACE1(a,b)
#  define QT_RCC_MANGLE_NAMESPACE(name) QT_RCC_MANGLE_NAMESPACE2( \
        QT_RCC_MANGLE_NAMESPACE0(name), QT_RCC_MANGLE_NAMESPACE0(QT_NAMESPACE))
#else
#   define QT_RCC_PREPEND_NAMESPACE(name) name
#   define QT_RCC_MANGLE_NAMESPACE(name) name
#endif

#if defined(QT_INLINE_NAMESPACE)
inline namespace QT_NAMESPACE {
#elif defined(QT_NAMESPACE)
namespace QT_NAMESPACE {
#endif

bool qRegisterResourceData(int, const unsigned char *, const unsigned char *, const unsigned char *);
bool qUnregisterResourceData(int, const unsigned char *, const unsigned char *, const unsigned char *);

#ifdef QT_NAMESPACE
}
#endif

int QT_RCC_MANGLE_NAMESPACE(qInitResources_qmake_qmake_qm_files)();
int QT_RCC_MANGLE_NAMESPACE(qInitResources_qmake_qmake_qm_files)()
{
    int version = 3;
    QT_RCC_PREPEND_NAMESPACE(qRegisterResourceData)
        (version, qt_resource_struct, qt_resource_name, qt_resource_data);
    return 1;
}

int QT_RCC_MANGLE_NAMESPACE(qCleanupResources_qmake_qmake_qm_files)();
int QT_RCC_MANGLE_NAMESPACE(qCleanupResources_qmake_qmake_qm_files)()
{
    int version = 3;
    QT_RCC_PREPEND_NAMESPACE(qUnregisterResourceData)
       (version, qt_resource_struct, qt_resource_name, qt_resource_data);
    return 1;
}

#ifdef __clang__
#   pragma clang diagnostic push
#   pragma clang diagnostic ignored "-Wexit-time-destructors"
#endif

namespace {
   struct initializer {
       initializer() { QT_RCC_MANGLE_NAMESPACE(qInitResources_qmake_qmake_qm_files)(); }
       ~initializer() { QT_RCC_MANGLE_NAMESPACE(qCleanupResources_qmake_qmake_qm_files)(); }
   } dummy;
}

#ifdef __clang__
#   pragma clang diagnostic pop
#endif
